Zip Code,Location,City,Population,Avg.Income/H/hold,NationalRank
30327,"33.869768, -84.417135",Atlanta ,21003,114674,120
30005,"34.087150, -84.221044",Alpharetta ,27075,98545,293
31411,"31.918280, -81.018854",Savannah ,6958,96229,331
30097,"34.026142, -84.145592",Duluth ,24377,95468,346
30326,"33.849787, -84.364521",Atlanta ,1075,94740,358
30022,"34.030333, -84.241932",Alpharetta ,54453,93150,389
30075,"34.056318, -84.390413",Roswell ,46231,88504,498
30068,"33.970766, -84.436700",Marietta ,31878,87710,522
30024,"34.062110, -84.086188",Suwanee ,35241,86581,575
30338,"33.946218, -84.318119",Atlanta ,28885,82502,711
30062,"33.998896, -84.465673",Marietta ,61674,78768,899
31820,"32.576549, -84.848292",Midland ,5013,78435,913
30269,"33.399457, -84.572159",PeachtreeCity ,32458,75860,1055
30017,"33.892695, -83.962103",Grayson ,12357,74433,1155
30189,"34.124213, -84.570684",Woodstock ,33040,74196,1162
30004,"34.134088, -84.302831",Alpharetta ,41345,72591,1287
30066,"34.032388, -84.505154",Marietta ,50994,72580,1288
30041,"34.200370, -84.098901",Cumming ,32696,72331,1304
30043,"33.999276, -84.009512",Lawrenceville ,62234,71424,1372
30250,"33.438647, -84.318519",Lovejoy ,132,71250,1393
30215,"33.391613, -84.456432",Fayetteville ,26555,71139,1414
30047,"33.870144, -84.112327",Lilburn ,53472,70846,1447
30809,"33.555949, -82.170376",Evans ,25440,70809,1454
30152,"33.989648, -84.646572",Kennesaw ,26924,70741,1467
30076,"34.028474, -84.311406",Roswell ,41992,69701,1575
30519,"34.082384, -83.937611",Buford ,19114,69546,1589
30087,"33.805871, -84.126928",StoneMountain ,32622,69527,1591
30019,"33.978114, -83.879653",Dacula ,19703,69205,1618
30277,"33.375308, -84.649196",Sharpsburg ,15488,69008,1642
30290,"33.479551, -84.586359",Tyrone ,5182,68250,1716
30214,"33.485102, -84.489624",Fayetteville ,21948,67788,1771
30064,"33.939737, -84.613787",Marietta ,42244,67586,1798
30671,"33.740689, -83.182987",Maxeys ,43,67500,1804
30078,"33.864659, -84.022279",Snellville ,29113,66965,1874
30101,"34.034515, -84.707349",Acworth ,39131,66827,1897
30328,"33.930598, -84.384238",Atlanta ,28701,66493,1938
30252,"33.473512, -84.057165",Mcdonough ,18602,66172,1972
30305,"33.836781, -84.391308",Atlanta ,21380,65642,2061
31808,"32.631009, -85.012245",Fortson ,4773,65000,2151
30265,"33.423266, -84.713083",Newnan ,18138,64194,2239
30127,"33.876306, -84.694402",PowderSprings ,47151,64084,2253
30094,"33.613639, -84.053557",Conyers ,26512,63910,2282
30342,"33.884350, -84.374964",Atlanta ,25807,63675,2318
30345,"33.852060, -84.281753",Atlanta ,22791,62628,2444
30188,"34.123528, -84.457649",Woodstock ,36613,61920,2581
30039,"33.815557, -84.017594",Snellville ,12906,61539,2647
31005,"32.544336, -83.601768",Bonaire ,9559,61066,2756
30319,"33.877450, -84.336316",Atlanta ,36783,61017,2766
31522,"31.256612, -81.342084",SaintSimonsIsland ,14697,61005,2768
30040,"34.256118, -84.177644",Cumming ,42444,60920,2787
31829,"32.563074, -84.731631",Upatoi ,836,60670,2855
30144,"34.036864, -84.591009",Kennesaw ,38874,60609,2868
30044,"33.922090, -84.065651",Lawrenceville ,66456,60427,2910
30115,"34.200482, -84.400406",Canton ,20076,60378,2929
31410,"32.009621, -80.981331",Savannah ,22148,60182,2984
30306,"33.788547, -84.349985",Atlanta ,21199,59720,3069
30092,"33.972386, -84.231986",Norcross ,35145,59656,3080
31039,"32.592505, -84.391001",Howard ,58,59583,3096
31324,"31.858019, -81.272424",RichmondHill ,14508,59190,3157
30102,"34.101417, -84.645065",Acworth ,33051,58977,3192
30205,"33.269144, -84.455844",Brooks ,2742,58917,3201
30135,"33.678395, -84.747167",Douglasville ,43485,58113,3352
31527,"31.079580, -81.455128",JekyllIsland ,938,58056,3371
30052,"33.813056, -83.888235",Loganville ,34967,57337,3518
31220,"32.871225, -83.809485",Macon ,11279,57013,3615
31210,"32.913878, -83.737602",Macon ,27939,56657,3716
30677,"33.805196, -83.384079",Watkinsville ,13651,56529,3747
30307,"33.771079, -84.333600",Atlanta ,16646,56496,3754
30253,"33.448828, -84.191401",Mcdonough ,26597,56292,3798
30187,"33.614246, -84.870807",Winston ,6090,56250,3803
30013,"33.642551, -83.971717",Conyers ,18659,55904,3890
30625,"33.520285, -83.333534",Buckhead ,1834,55833,3914
31804,"32.658500, -84.892249",Cataula ,4439,55588,3979
30339,"33.872067, -84.462985",Atlanta ,15782,55556,3984
30548,"34.089861, -83.763450",Hoschton ,6014,55288,4068
30096,"33.974292, -84.145426",Duluth ,52493,55208,4094
30038,"33.666460, -84.139855",Lithonia ,23693,55010,4143
31047,"32.472179, -83.607077",Kathleen ,5659,54963,4162
30324,"33.818405, -84.358175",Atlanta ,20317,54953,4163
30281,"33.562809, -84.193574",Stockbridge ,49093,54656,4221
30907,"33.518572, -82.093052",Augusta ,45543,54222,4343
30184,"34.240647, -84.720424",White ,4890,54070,4398
30084,"33.859843, -84.215176",Tucker ,32411,53814,4456
30294,"33.639644, -84.267101",Ellenwood ,27391,53621,4506
30058,"33.758108, -84.086998",Lithonia ,58406,53312,4595
30248,"33.356358, -84.108700",LocustGrove ,11151,53278,4605
30542,"34.174733, -83.898013",FloweryBranch ,21270,53008,4696
30292,"33.170184, -84.387784",Williamson ,4495,52805,4750
30350,"33.977483, -84.332407",Atlanta ,31057,52638,4807
30157,"33.884708, -84.871928",Dallas ,28005,52518,4842
30228,"33.406141, -84.301679",Hampton ,21184,52362,4908
30033,"33.813689, -84.284377",Decatur ,27046,52307,4936
30296,"33.558799, -84.443824",Riverdale ,21308,52252,4958
30273,"33.582010, -84.270013",Rex ,11412,52119,5010
31216,"32.726216, -83.684953",Macon ,13850,51905,5091
30506,"34.364750, -83.884358",Gainesville ,31610,51847,5122
30082,"33.855882, -84.534650",Smyrna ,23191,51744,5153
30034,"33.690867, -84.248622",Decatur ,44917,51738,5155
30346,"33.925077, -84.338507",Atlanta ,1452,51635,5195
31326,"32.296246, -81.212443",Rincon ,12302,51455,5258
30088,"33.756052, -84.182363",StoneMountain ,29211,51302,5336
30045,"33.940831, -83.957584",Lawrenceville ,36769,51259,5353
30564,"34.518618, -83.866425",Murrayville ,3401,51165,5412
30622,"33.908871, -83.527118",Bogart ,7685,51083,5439
31046,"33.057565, -83.796730",Juliette ,2839,51019,5460
30011,"34.023728, -83.834552",Auburn ,11684,50955,5489
30141,"33.860951, -84.769642",Hiram ,12963,50736,5588
30276,"33.272575, -84.592902",Senoia ,9058,50612,5648
30114,"34.257096, -84.510102",Canton ,22323,50523,5688
30750,"34.922318, -85.420132",LookoutMountain ,4038,50500,5702
30126,"33.815025, -84.553831",Mableton ,26525,50413,5734
31328,"32.006383, -80.888913",TybeeIsland ,3713,50368,5758
30183,"34.339036, -84.602796",Waleska ,3826,50352,5767
30341,"33.887723, -84.291143",Atlanta ,31036,50349,5768
30360,"33.933808, -84.272577",Atlanta ,14782,50226,5837
30620,"33.929921, -83.751851",Bethlehem ,5354,49740,6041
30067,"33.930719, -84.462357",Marietta ,48116,49618,6082
30309,"33.799832, -84.385903",Atlanta ,18739,49515,6121
30802,"33.601437, -82.299935",Appling ,5177,49467,6138
30213,"33.585908, -84.624643",Fairburn ,14813,49449,6142
30236,"33.521612, -84.328432",Jonesboro ,42232,49440,6145
30710,"34.946847, -84.921295",Cohutta ,5358,49277,6213
30517,"34.133497, -83.792537",Braselton ,5400,49274,6215
30016,"33.517433, -83.928703",Covington ,25766,49056,6294
31909,"32.542266, -84.924385",Columbus ,27872,48979,6325
30518,"34.124955, -84.027537",Buford ,29183,48609,6477
31807,"32.629229, -84.792154",Ellerslie ,1544,48563,6501
30054,"33.672561, -83.877080",Oxford ,9142,48319,6599
30566,"34.233940, -83.891785",Oakwood ,6948,48281,6606
30071,"33.937394, -84.205634",Norcross ,22220,48270,6610
30259,"33.265699, -84.741743",Moreland ,2486,47930,6744
31088,"32.583526, -83.647225",WarnerRobins ,38066,47825,6795
31003,"32.607366, -83.207636",Allentown ,220,47813,6806
31052,"32.784433, -83.848511",Lizella ,6872,47594,6913
31322,"32.109885, -81.255465",Pooler ,6139,47485,6974
31319,"31.465071, -81.337638",Meridian ,123,47292,7044
30656,"33.861499, -83.727191",Monroe ,10578,47281,7054
31008,"32.665346, -83.785924",Byron ,13461,47162,7109
30621,"33.796811, -83.471231",Bishop ,3226,47148,7119
31028,"32.630264, -83.684891",Centerville ,3762,46964,7226
30107,"34.336291, -84.345793",BallGround ,8055,46869,7301
31312,"32.323805, -81.402577",Guyton ,10911,46760,7360
30740,"34.750150, -85.095146",RockyFace ,6556,46602,7442
30134,"33.767869, -84.779815",Douglasville ,31836,46580,7454
30002,"33.773335, -84.261667",AvondaleEstates ,5300,46568,7464
30106,"33.833232, -84.628114",Austell ,15491,46547,7474
31032,"33.011683, -83.569169",Gray ,10626,46343,7570
30035,"33.724452, -84.204244",Decatur ,19151,46223,7648
30534,"34.429186, -84.143281",Dawsonville ,17112,46173,7677
30030,"33.772712, -84.291005",Decatur ,25137,46111,7710
31763,"31.750082, -84.139065",Leesburg ,19592,46090,7727
30132,"33.977610, -84.851504",Dallas ,17526,45994,7792
30116,"33.540635, -85.003230",Carrollton ,18360,45972,7811
30121,"34.211443, -84.779583",Cartersville ,15602,45947,7828
30238,"33.493252, -84.379295",Jonesboro ,31445,45761,7930
30080,"33.869656, -84.498844",Smyrna ,43472,45514,8076
30145,"34.238247, -84.978546",Kingston ,6007,45444,8121
30414,"32.162770, -81.975437",Bellville ,180,45417,8138
30008,"33.897634, -84.589572",Marietta ,31330,45379,8156
31756,"31.170959, -83.959980",Hartsfield ,1020,45357,8169
30171,"34.343551, -84.725681",Rydal ,2960,45313,8195
30025,"33.646426, -83.692535",SocialCircle ,6961,45268,8225
30736,"34.902663, -85.133970",Ringgold ,33776,45227,8248
30263,"33.388415, -84.858937",Newnan ,41287,45199,8264
31523,"31.243546, -81.657785",Brunswick ,8621,45091,8325
30083,"33.797412, -84.197984",StoneMountain ,55791,44983,8400
30178,"34.107742, -84.967320",Taylorsville ,2925,44405,8701
30143,"34.457505, -84.421138",Jasper ,17530,44266,8781
30122,"33.761244, -84.634095",LithiaSprings ,16207,44028,8887
30055,"33.496702, -83.749992",Mansfield ,2201,43984,8908
31605,"30.929823, -83.227813",Valdosta ,14497,43844,8999
31302,"32.127429, -81.333450",Bloomingdale ,7580,43799,9015
30120,"34.173418, -84.857357",Cartersville ,29734,43750,9057
31823,"32.788742, -84.816401",PineMountainValley ,675,43519,9203
30093,"33.908536, -84.177349",Norcross ,49669,43484,9230
30504,"34.271525, -83.882021",Gainesville ,15501,43408,9285
30180,"33.717103, -84.918032",VillaRica ,17839,43321,9345
31733,"31.593195, -83.489790",Chula ,1548,43317,9349
30329,"33.827479, -84.323017",Atlanta ,27872,43295,9368
30105,"34.479331, -85.149214",Armuchee ,2455,43229,9407
30234,"33.339620, -84.021980",Jenkinsburg ,587,43125,9463
30124,"34.133691, -85.345801",CaveSpring ,2838,43109,9476
31066,"32.806735, -84.018077",Musella ,1304,43000,9542
30543,"34.290463, -83.649536",Gillsville ,3446,42961,9575
31406,"31.981768, -81.083838",Savannah ,34753,42875,9634
30257,"33.143414, -84.186220",Milner ,3188,42792,9682
30554,"34.399148, -83.660793",Lula ,5875,42693,9738
30507,"34.255690, -83.774878",Gainesville ,20744,42679,9756
30072,"33.791377, -84.204844",PineLake ,487,42604,9809
31707,"31.525260, -84.301465",Albany ,41502,42539,9850
31569,"30.899649, -81.681881",Woodbine ,4943,42416,9950
31407,"32.187002, -81.180375",Savannah ,3239,42414,9955
31419,"31.999421, -81.290245",Savannah ,40935,42173,10170
30680,"33.994786, -83.701933",Winder ,25714,42140,10201
31038,"33.142737, -83.647114",Hillsboro ,752,42083,10251
31329,"32.422733, -81.342175",Springfield ,7082,42054,10274
30641,"33.769567, -83.564750",GoodHope ,1222,42050,10276
30224,"33.204525, -84.239012",Griffin ,21355,41957,10361
30565,"34.093696, -83.416467",Nicholson ,3750,41955,10364
31641,"30.919570, -83.092297",Naylor ,1409,41923,10385
30527,"34.481368, -83.783789",Clermont ,3010,41679,10592
30720,"34.740147, -85.005476",Dalton ,24892,41586,10657
31303,"32.505422, -81.313427",Clyo ,2034,41447,10761
31050,"32.720122, -83.934108",Knoxville ,999,41367,10822
30340,"33.898619, -84.249569",Atlanta ,26997,41367,10823
31548,"30.797329, -81.705348",Kingsland ,14886,41331,10848
30549,"34.105086, -83.577239",Jefferson ,12804,41307,10870
31558,"30.806649, -81.506204",SaintMarys ,20787,41039,11119
30260,"33.582151, -84.332545",Morrow ,23275,40978,11179
30725,"34.925669, -85.363215",Flintstone ,3456,40963,11197
30813,"33.472524, -82.223028",Grovetown ,16744,40902,11253
30274,"33.554618, -84.400443",Riverdale ,32166,40856,11293
31735,"31.969555, -83.973306",Cobb ,918,40817,11331
30571,"34.700735, -83.681238",SauteeNacoochee ,2444,40813,11335
30746,"34.579091, -85.026342",SugarValley ,1280,40774,11376
30628,"34.033508, -83.215178",Colbert ,5216,40705,11439
31831,"32.675625, -84.717666",WaverlyHall ,2500,40667,11465
30056,"33.493518, -83.656102",Newborn ,1854,40625,11507
30683,"33.946988, -83.256171",Winterville ,5392,40520,11606
31070,"32.182775, -83.774850",Pinehurst ,805,40507,11613
30168,"33.783542, -84.588106",Austell ,20564,40501,11616
30295,"33.094643, -84.324428",Zebulon ,3278,40500,11624
30206,"33.096058, -84.458228",Concord ,2258,40478,11641
30240,"33.036796, -85.120216",Lagrange ,25904,40454,11671
31097,"32.914582, -84.147846",Yatesville ,1233,40378,11757
30805,"33.323979, -82.250860",Blythe ,1842,40357,11771
30233,"33.295589, -83.994045",Jackson ,19252,40331,11803
30701,"34.497953, -84.962366",Calhoun ,29672,40280,11861
30563,"34.566130, -83.458311",MountAiry ,4139,40182,11966
31811,"32.739065, -84.931472",Hamilton ,3912,40121,12038
31568,"30.998157, -81.793973",WhiteOak ,1008,39861,12243
31064,"33.297469, -83.699462",Monticello ,7964,39841,12263
30268,"33.540691, -84.721084",Palmetto ,7018,39717,12372
30185,"33.531729, -84.909722",Whitesburg ,3692,39662,12415
30567,"34.195665, -83.682520",Pendergrass ,2083,39647,12435
31211,"32.912983, -83.624917",Macon ,15876,39638,12448
31757,"30.869874, -83.872128",Thomasville ,9771,39603,12479
30170,"33.433093, -85.169918",Roopville ,2681,39602,12482
30815,"33.281225, -82.084749",Hephzibah ,37487,39345,12710
30663,"33.608531, -83.611849",Rutledge ,2440,39337,12719
30650,"33.586849, -83.481715",Madison ,10309,39284,12767
31525,"31.302806, -81.519527",Brunswick ,21516,39253,12786
31822,"32.873017, -84.908029",PineMountain ,4844,39183,12837
31555,"31.703120, -82.069506",Odum ,2592,39167,12854
30349,"33.626684, -84.523669",Atlanta ,55239,39141,12880
31022,"32.501810, -83.111810",Dudley ,1055,39028,12973
30012,"33.717806, -84.002515",Conyers ,23711,38957,13051
30909,"33.470373, -82.082981",Augusta ,35295,38947,13062
30258,"32.990797, -84.470052",Molena ,2354,38910,13089
31069,"32.443015, -83.742617",Perry ,15679,38849,13131
31025,"32.335837, -83.741003",Elko ,1314,38828,13148
30288,"33.652831, -84.327109",Conley ,6522,38799,13167
30533,"34.566990, -84.014394",Dahlonega ,19094,38758,13185
30173,"34.133121, -85.153505",SilverCreek ,6143,38699,13288
31907,"32.482037, -84.901475",Columbus ,56156,38693,13291
31029,"33.034238, -83.928676",Forsyth ,13839,38620,13343
31098,"32.619683, -83.576975",WarnerRobins ,5382,38445,13513
30179,"33.779335, -85.013502",Temple ,9632,38364,13593
30412,"32.088350, -82.503656",Alston ,195,38333,13613
30014,"33.568839, -83.828352",Covington ,26020,38322,13630
30256,"33.007484, -84.309900",Meansville ,2081,38250,13683
30415,"32.337437, -81.598327",Brooklet ,5480,38211,13709
31832,"31.957980, -84.614915",Weston ,199,38125,13792
30619,"33.855327, -83.246230",Arnoldsville ,1082,38125,13810
31787,"31.891369, -84.234579",Smithville ,1829,37981,13939
31045,"33.297917, -82.766028",Jewell ,142,37813,14099
30905,"33.392652, -82.170859",Augusta ,7751,37803,14109
30607,"34.024883, -83.451418",Athens ,8699,37652,14255
30724,"34.830043, -84.759097",Eton ,131,37639,14263
31796,"31.770118, -83.856468",Warwick ,1160,37607,14298
30705,"34.751633, -84.755435",Chatsworth ,31636,37605,14299
30182,"33.655819, -85.248832",Waco ,2440,37596,14308
30547,"34.361833, -83.455885",Homer ,2729,37500,14368
30726,"34.976009, -85.141441",Graysville ,48,37500,14369
30735,"34.603946, -84.903036",Resaca ,5497,37335,14563
30522,"34.795583, -84.342302",Cherrylog ,584,37333,14564
30021,"33.807995, -84.238975",Clarkston ,24374,37330,14573
30103,"34.367413, -84.918733",Adairsville ,10972,37314,14591
30461,"32.496921, -81.723093",Statesboro ,10499,37290,14616
31318,"32.141772, -81.379608",Meldrim ,162,37273,14636
30755,"34.868010, -85.042839",TunnelHill ,8836,37255,14651
30218,"33.129318, -84.587178",Gay ,1865,37250,14667
30633,"34.178174, -83.254872",Danielsville ,8657,37181,14748
30530,"34.222298, -83.393700",Commerce ,4823,37137,14800
30730,"34.371682, -85.422704",Lyerly ,1861,37065,14875
31065,"32.558744, -83.164432",Montrose ,893,37059,14882
30642,"33.576400, -83.207308",Greensboro ,9885,37044,14897
30646,"34.075713, -83.321803",Hull ,6323,36943,15030
31625,"30.992647, -83.533505",Barney ,1113,36842,15152
30529,"34.215426, -83.483658",Commerce ,9111,36771,15228
30814,"33.442251, -82.314207",Harlem ,6879,36765,15239
31606,"30.806085, -83.190044",Valdosta ,3616,36743,15256
30666,"33.962123, -83.584678",Statham ,5466,36691,15320
30137,"34.129100, -84.760240",Emerson ,1176,36685,15328
31632,"30.990385, -83.362368",Hahira ,7309,36675,15335
31602,"30.867904, -83.342140",Valdosta ,30355,36664,15365
31075,"32.350458, -82.948520",Rentz ,1664,36563,15459
30511,"34.449701, -83.486718",Baldwin ,2689,36471,15566
30523,"34.716605, -83.553605",Clarkesville ,10801,36465,15574
30510,"34.430829, -83.590176",Alto ,6661,36409,15640
30531,"34.508136, -83.586561",Cornelia,10194,36377,15673
30331,"33.708174, -84.542280",Atlanta,44444,36349,15703
30558,"34.274444, -83.569823",Maysville,4693,36327,15734
31085,"33.427353, -83.627679",ShadyDale,1071,36250,15855
30655,"33.773910, -83.680907",Monroe,17481,36228,15918
30104,"34.088874, -85.070382",Aragon,3991,36225,15919
31801,"32.511373, -84.573009",BoxSprings,2553,36214,15927
31024,"33.323204, -83.377296",Eatonton,17747,36204,15936
31309,"31.879886, -81.438392",Fleming,1050,36202,15937
30216,"33.232440, -83.863637",Flovilla,2158,36188,15951
31830,"32.899494, -84.726708",WarmSprings,2456,36163,15982
30734,"34.532804, -84.714916",Ranger,3133,36142,16015
31321,"32.185059, -81.659775",Pembroke,5782,36103,16065
31711,"32.190993, -84.134410",Andersonville,921,36094,16085
30060,"33.920006, -84.543077",Marietta,35980,36077,16104
31565,"31.064795, -81.606771",Waverly,1531,35990,16226
30738,"34.796535, -85.480919",RisingFawn,3394,35915,16308
30572,"34.749481, -84.080649",Suches,1161,35903,16329
30032,"33.740270, -84.264834",Decatur,59912,35785,16480
30707,"34.771950, -85.359193",Chickamauga,13836,35729,16557
30139,"34.432341, -84.705495",Fairmount,3537,35727,16565
31031,"32.866283, -83.328348",Gordon,6687,35684,16601
30721,"34.794361, -84.909973",Dalton,40233,35590,16753
31093,"32.647873, -83.657206",WarnerRobins,27710,35569,16769
30528,"34.610574, -83.785184",Cleveland,16870,35560,16780
30147,"34.134940, -85.222060",Lindale,4475,35558,16783
30540,"34.697441, -84.453270",Ellijay,20779,35551,16792
31061,"33.059367, -83.221587",Milledgeville,39231,35531,16819
30175,"34.540413, -84.520608",TalkingRock,4502,35504,16850
30165,"34.302923, -85.269103",Rome,37162,35476,16899
30291,"33.579393, -84.543475",UnionCity,12255,35461,16913
31535,"31.448037, -82.848195",Douglas,8606,35427,16960
30731,"34.601644, -85.478850",Menlo,2296,35417,16973
30153,"33.971749, -85.053593",Rockmart,14571,35407,16996
31773,"30.977266, -84.050709",Ochlocknee,3447,35368,17060
31307,"32.166551, -81.405094",Eden,837,35326,17107
31011,"32.117132, -83.045018",Chauncey,848,35291,17164
30638,"33.776298, -83.424829",Farmington,45,35278,17184
30204,"33.060720, -84.130363",Barnesville,12240,35080,17421
31826,"32.797008, -84.708770",Shiloh,2097,35052,17449
31546,"31.494049, -81.810864",Jesup,7213,34917,17586
30220,"33.230862, -84.824854",Grantville,3116,34914,17592
30739,"34.805931, -85.215984",RockSpring,3708,34853,17648
30557,"34.479804, -83.184960",Martin,4472,34851,17650
30634,"34.202177, -82.942226",DewyRose,2349,34778,17726
31308,"32.106822, -81.449611",Ellabell,6444,34759,17744
30501,"34.318834, -83.815174",Gainesville,29349,34748,17765
30627,"33.973309, -82.958053",Carlton,2135,34727,17788
31333,"31.769045, -81.675515",Walthourville,1298,34632,17894
30521,"34.362893, -83.293209",Carnesville,4549,34602,17929
30525,"34.907172, -83.369303",Clayton,7289,34583,17973
30539,"34.681482, -84.467735",EastEllijay,519,34500,18043
30537,"34.965502, -83.334217",Dillard,1355,34479,18061
31313,"31.865374, -81.577900",Hinesville,35885,34433,18117
31518,"31.512607, -82.185093",Bristol,714,34375,18167
31320,"31.719612, -81.313602",Midway,6896,34014,18572
30568,"34.959452, -83.432688",RabunGap,1469,33986,18602
30752,"34.901283, -85.531017",Trenton,8625,33976,18610
31405,"32.034832, -81.164132",Savannah,32887,33947,18650
30575,"34.207642, -83.713476",Talmo,1601,33875,18722
30560,"34.888013, -84.199821",Morganton,3702,33854,18734
30535,"34.588910, -83.573757",Demorest,5804,33849,18742
31567,"31.636784, -82.707905",WestGreen,775,33787,18795
30275,"33.432865, -84.870644",Sargent,158,33750,18866
30455,"32.690978, -81.802282",RockyFord,735,33750,18868
30639,"34.282014, -83.148461",FranklinSprings,337,33750,18869
31904,"32.554272, -85.009258",Columbus,30068,33746,18934
30108,"33.533282, -85.265969",Bowdon,7367,33740,18937
30576,"34.837705, -83.454371",Tiger,2236,33701,18961
30906,"33.355623, -81.978342",Augusta,59540,33680,18979
30733,"34.414593, -85.050554",Plainville,1826,33563,19083
30297,"33.612121, -84.373929",ForestPark,29757,33434,19240
31716,"31.361000, -84.116441",Baconton,3285,33409,19256
31071,"32.129456, -83.540786",Pineview,1356,33333,19328
30251,"33.195020, -84.703189",Luthersville,2139,33221,19464
31790,"31.652476, -83.577968",Sycamore,2039,33162,19549
30552,"34.773214, -83.471991",Lakemont,1622,33152,19561
30648,"33.879979, -83.052055",Lexington,2237,33125,19576
31094,"33.125792, -82.787993",Warthen,1418,33125,19579
30630,"33.913350, -83.147472",Crawford,2647,33105,19623
30606,"33.937362, -83.424510",Athens,35512,33092,19646
31543,"31.354882, -81.821236",Hortense,3888,33068,19674
30223,"33.287652, -84.274587",Griffin,34765,32968,19781
31780,"32.026726, -84.383493",Plains,2313,32928,19816
31905,"32.383712, -84.918836",FortBenning,23421,32862,19884
31077,"31.942307, -83.169758",Rhine,1172,32857,19889
30582,"34.953721, -83.895719",YoungHarris,3431,32772,19990
30643,"34.355520, -82.912273",Hartwell,14749,32739,20017
30757,"34.935805, -85.443649",Wildwood,1923,32738,20018
30344,"33.676198, -84.458359",Atlanta,36753,32720,20031
30513,"34.829422, -84.313467",BlueRidge,9369,32717,20033
31636,"30.745401, -83.089131",LakePark,7948,32694,20063
31794,"31.454695, -83.511941",Tifton,34192,32687,20074
31020,"32.692513, -83.520297",DryBranch,3198,32625,20126
30541,"34.916591, -84.532797",Epworth,1333,32625,20128
31019,"32.428192, -83.056487",Dexter,1993,32589,20182
30308,"33.770877, -84.377873",Atlanta,11796,32555,20217
31833,"32.842900, -85.091845",WestPoint,6745,32553,20220
30824,"33.512953, -82.514855",Thomson,16800,32495,20317
30117,"33.581851, -85.132439",Carrollton,32661,32466,20339
30316,"33.711546, -84.331796",Atlanta ,32495,32465,20342
31036,"32.260556, -83.507888",Hawkinsville ,10353,32454,20349
31014,"32.421546, -83.352233",Cochran ,12569,32444,20356
31791,"31.528624, -83.894073",Sylvester ,12927,32419,20394
30217,"33.290968, -85.139594",Franklin ,8864,32413,20398
31806,"32.263441, -84.322724",Ellaville ,3728,32267,20589
30818,"33.269562, -82.326045",Matthews ,506,32260,20598
31021,"32.493414, -82.943064",Dublin ,27457,32124,20810
31630,"30.952289, -82.865603",DuPont ,540,32115,20820
31789,"31.483306, -83.733939",Sumner ,1524,32112,20828
30161,"34.244027, -85.162538",Rome ,34109,32111,20829
30711,"34.929868, -84.768782",Crandall ,3541,32083,20862
31552,"31.308842, -82.598087",Millwood ,780,31970,21015
30678,"33.453078, -83.065832",WhitePlains ,1077,31920,21085
30293,"32.976672, -84.611500",Woodbury ,3551,31892,21118
31783,"31.758976, -83.470125",Rebecca ,1164,31875,21169
31545,"31.585751, -81.998743",Jesup ,14047,31849,21198
30176,"33.771314, -85.304390",Tallapoosa ,6618,31847,21201
30125,"33.999735, -85.276708",Cedartown ,22885,31821,21228
31018,"33.006136, -82.637562",Davisboro ,2287,31813,21242
30817,"33.784348, -82.454214",Lincolnton ,7919,31750,21323
30470,"32.339753, -82.508921",Tarrytown ,827,31719,21362
30230,"33.169602, -84.926429",Hogansville ,8222,31718,21370
30241,"33.022344, -84.949445",Lagrange ,20150,31716,21372
31331,"31.525876, -81.417763",Townsend ,5246,31696,21393
31058,"32.488651, -84.410396",Mauk ,1608,31623,21488
30512,"34.862705, -83.970762",Blairsville ,15963,31589,21528
30823,"33.232206, -82.452856",Stapleton ,1658,31518,21623
30553,"34.439182, -83.083575",Lavonia ,6738,31431,21724
31771,"31.248233, -83.654247",NormanPark ,4623,31402,21767
30410,"32.194703, -82.513548",Ailey ,1803,31386,21787
30546,"34.898796, -83.696585",Hiawassee ,6156,31319,21870
31072,"31.964549, -83.569522",Pitts ,1319,31313,21882
30222,"33.044355, -84.743495",Greenville ,4407,31306,21891
31316,"31.734155, -81.745068",Ludowici ,5878,31281,21922
30113,"33.850746, -85.205308",Buchanan ,5674,31259,21941
31550,"31.095408, -82.553347",Manor ,878,31250,21991
30742,"34.942028, -85.248623",FortOglethorpe ,5835,31240,22036
30427,"31.940308, -81.947578",Glennville ,11490,31236,22038
30516,"34.372865, -83.040575",Bowersville ,1731,31213,22055
31798,"31.622318, -83.053947",Wray ,890,31167,22109
31566,"31.117057, -81.843658",Waynesville ,2710,31161,22117
30662,"34.267311, -83.154100",Royston ,8122,31107,22183
31623,"31.077797, -82.667604",Argyle ,193,31071,22227
31749,"31.437594, -83.328208",Enigma ,2075,31045,22254
30538,"34.500986, -83.263844",Eastanollee ,2175,30990,22335
30803,"33.133196, -82.549061",Avera ,641,30956,22374
31639,"31.210879, -83.196313",Nashville ,9502,30940,22392
30808,"33.384114, -82.391923",Dearing ,4446,30895,22440
31792,"30.770798, -84.043704",Thomasville ,22898,30860,22483
31805,"32.262084, -84.767284",Cusseta ,2991,30806,22568
31781,"31.560578, -83.796292",Poulan ,1605,30795,22581
30286,"32.883521, -84.328097",Thomaston ,24308,30788,22592
30110,"33.739160, -85.135505",Bremen ,11442,30761,22614
30753,"34.582310, -85.285775",Trion ,6795,30752,22621
31315,"31.887053, -81.601648",FortStewart ,9419,30738,22646
30629,"34.073837, -83.118966",Comer ,4283,30705,22697
31009,"32.286273, -83.011450",Cadwell ,1154,30625,22794
31012,"32.394441, -83.170928",Chester ,2246,30625,22795
30708,"34.935658, -84.686952",Cisco ,465,30568,22895
30669,"33.676084, -83.105207",UnionPoint ,3434,30559,22914
31764,"31.985935, -84.082309",Leslie ,1547,30551,22923
31033,"33.084568, -83.428265",Haddock ,2009,30536,22941
31503,"31.201889, -82.405117",Waycross ,21038,30507,22985
31560,"31.504736, -82.038331",Screven ,2333,30482,23016
31709,"32.066892, -84.204849",Americus ,27000,30459,23041
30336,"33.735413, -84.568933",Atlanta ,238,30417,23122
30624,"34.186246, -83.044149",Bowman ,2518,30294,23277
31513,"31.778649, -82.343423",Baxley ,15473,30255,23317
31044,"32.654992, -83.384795",Jeffersonville ,3509,30191,23405
31082,"32.996417, -82.903117",Sandersville ,10533,30173,23430
31027,"32.572102, -82.797343",EastDublin ,9897,30027,23581
31557,"31.366728, -82.078336",Patterson ,2822,30020,23588
30728,"34.684875, -85.225790",LaFayette ,17279,30006,23596
31744,"31.332594, -83.897688",Doerun ,3008,30000,23630
31301,"31.756512, -81.597739",Allenhurst ,4396,29929,23714
30454,"32.434481, -82.738361",Rockledge ,358,29922,23722
31784,"31.267637, -84.055312",SaleCity ,774,29911,23733
31637,"31.292447, -83.440347",Lenox ,2781,29904,23736
31017,"32.621094, -83.232220",Danville ,2082,29865,23781
31090,"32.793582, -83.048446",Toomsboro ,1050,29861,23786
31305,"31.410334, -81.337555",Darien ,5171,29824,23813
31519,"31.684279, -82.879356",Broxton ,3444,29813,23827
30741,"34.950593, -85.286081",Rossville ,28150,29784,23848
30747,"34.504242, -85.298157",Summerville ,16100,29775,23858
31645,"31.060719, -83.218688",RayCity ,3373,29694,23927
31795,"31.438148, -83.648738",TyTy ,1804,29674,23959
30285,"32.997525, -84.252465",TheRock ,606,29659,23970
31516,"31.317041, -82.255539",Blackshear ,11974,29659,23973
31016,"32.836383, -84.126339",Culloden ,1517,29648,23982
31533,"31.544218, -82.820095",Douglas ,16910,29537,24109
30467,"32.753793, -81.603534",Sylvania ,13363,29384,24246
31083,"32.034045, -82.825915",Scotland ,176,29375,24249
30577,"34.552419, -83.325929",Toccoa ,21557,29331,24324
31092,"32.089769, -83.783946",Vienna ,5680,29293,24363
30810,"33.236858, -82.581867",Gibson ,1833,29226,24437
31512,"31.536388, -83.009988",Ambrose ,2396,29201,24458
31775,"31.334299, -83.598864",Omega ,2977,29181,24473
31007,"32.188594, -83.927243",Byromville ,945,29125,24546
30450,"32.562333, -81.923046",Portal ,2829,29083,24584
31042,"32.746647, -83.162113",Irwinton ,2136,29063,24596
31408,"32.126446, -81.201570",Savannah ,11131,29034,24636
31542,"31.161850, -82.125709",Hoboken ,2285,29009,24654
31627,"31.061038, -83.363574",Cecil ,301,28958,24708
31217,"32.843569, -83.500661",Macon ,19121,28932,24728
31563,"31.647323, -82.217418",Surrency ,1275,28924,24738
30474,"32.231397, -82.414210",Vidalia ,15284,28902,24760
31089,"32.858960, -82.864498",Tennille ,4713,28897,24764
31906,"32.467811, -84.950173",Columbus ,24380,28865,24800
31631,"30.707335, -82.585744",Fargo ,666,28828,24833
30445,"32.192283, -82.601120",MountVernon ,3307,28792,24853
30545,"34.762510, -83.762194",Helen ,783,28750,24874
31551,"31.488073, -82.266914",Mershon ,943,28750,24878
30581,"34.795735, -83.422809",Wiley ,26,28750,24961
30337,"33.640147, -84.450081",Atlanta ,16084,28676,25001
30318,"33.791431, -84.446141",Atlanta ,53229,28589,25087
31079,"31.942896, -83.458767",Rochelle ,2770,28586,25090
31404,"32.051700, -81.049327",Savannah ,32249,28564,25113
31824,"32.058346, -84.532732",Preston ,1698,28542,25136
30673,"33.730910, -82.705018",Washington ,8085,28431,25260
30452,"32.321523, -81.892777",Register ,1392,28421,25268
31816,"32.873060, -84.593482",Manchester ,5819,28418,25269
31067,"32.874903, -82.938897",Oconee ,256,28333,25348
30816,"33.156879, -82.167067",Keysville ,1930,28312,25367
30425,"32.697684, -82.101590",Garfield ,1386,28295,25382
30456,"32.973657, -81.817412",Sardis ,2044,28260,25411
31778,"30.987629, -83.722170",Pavo ,2632,28173,25489
30317,"33.748355, -84.317585",Atlanta ,13981,28167,25494
31078,"32.694909, -84.074538",Roberta ,3658,28162,25496
30354,"33.660361, -84.386502",Atlanta ,17927,28155,25504
31204,"32.850552, -83.678765",Macon ,33314,28118,25572
30148,"34.489600, -84.242254",MarbleHill ,437,28047,25633
31642,"31.267085, -82.877970",Pearson ,4315,28013,25669
30453,"32.026236, -82.111225",Reidsville ,8394,27938,25742
31030,"32.572545, -83.896941",FortValley ,17431,27922,25750
30635,"34.105769, -82.793249",Elberton ,16658,27911,25779
30426,"33.043311, -81.652200",Girard ,1281,27903,25784
31537,"30.882250, -82.116331",Folkston ,8804,27816,25854
30660,"33.788430, -82.947388",Rayle ,1082,27813,25871
31051,"32.149424, -83.889079",Lilly ,234,27778,25890
31023,"32.183213, -83.199454",Eastman ,13541,27773,25895
31647,"31.219889, -83.429159",Sparks ,3061,27723,25930
31553,"31.181719, -81.972123",Nahunta ,3929,27696,25955
31620,"31.120637, -83.439484",Adel ,9828,27658,25984
31768,"31.152029, -83.769476",Moultrie ,32226,27653,25992
30598,"34.602721, -83.360394",ToccoaFalls ,630,27625,26017
30830,"33.082787, -81.983910",Waynesboro ,13164,27610,26037
30311,"33.723262, -84.475994",Atlanta ,35230,27512,26087
31539,"31.832254, -82.589772",Hazlehurst ,12038,27451,26186
30820,"33.234390, -82.731429",Mitchell ,1117,27450,26189
31765,"31.087551, -84.027154",Meigs ,2520,27440,26199
31001,"31.976256, -83.339665",Abbeville ,3870,27429,26210
31554,"31.493365, -82.630408",Nicholls ,5719,27422,26217
31054,"32.875982, -83.197825",McIntyre ,1399,27419,26223
31649,"30.963885, -82.995472",Stockton ,885,27417,26229
31705,"31.516890, -84.042942",Albany ,38667,27404,26235
31750,"31.732984, -83.226035",Fitzgerald ,18604,27392,26245
30668,"33.916633, -82.692770",Tignall ,2082,27389,26248
30904,"33.478289, -82.014102",Augusta ,28323,27372,26268
30828,"33.379625, -82.659923",Warrenton ,4460,27324,26313
31635,"31.095236, -83.049507",Lakeland ,4825,27323,26315
31774,"31.558198, -83.269657",Ocilla ,6871,27310,26325
30821,"33.490433, -82.742067",Norwood ,999,27303,26335
30667,"33.776347, -83.145330",Stephens ,857,27292,26348
31622,"31.381419, -83.216149",Alapaha ,1814,27288,26351
31722,"31.068752, -83.623111",Berlin ,432,27188,26446
30420,"32.301322, -82.116733",Cobbtown ,2010,27100,26527
31738,"31.008151, -83.879726",Coolidge ,1896,26975,26666
31747,"31.178005, -83.592655",Ellenton ,177,26875,26785
31510,"31.549622, -82.439643",Alma ,8878,26804,26829
31055,"31.974188, -82.867284",McRae ,4714,26738,26890
30559,"34.953268, -84.271290",MineralBluff ,3505,26716,26911
31035,"32.854123, -82.707822",Harrison ,1473,26696,26928
31015,"31.942915, -83.778590",Cordele ,20769,26678,26941
31648,"30.673982, -82.998657",Statenville ,933,26633,26995
31827,"32.680951, -84.500492",Talbotton ,2289,26500,27111
30473,"32.022360, -82.482447",Uvalda ,2869,26462,27145
31323,"31.630534, -81.503467",Riceboro ,1659,26296,27262
30446,"32.546868, -81.491579",Newington ,1315,26277,27272
31057,"32.435000, -83.936561",Marshallville ,2079,26250,27286
30413,"32.896845, -82.520365",Bartow ,1798,26250,27365
30520,"34.340050, -83.082621",Canon ,3702,26205,27387
31624,"31.306552, -82.717240",Axson ,1233,26181,27399
31650,"31.395823, -83.025392",Willacoochee ,3002,26165,27416
31803,"32.304765, -84.521477",BuenaVista ,4706,26046,27499
30441,"32.797066, -82.224962",Midville ,2034,25865,27627
31501,"31.221228, -82.346150",Waycross ,14632,25700,27747
30438,"32.165611, -82.020521",Manassas ,222,25694,27752
30417,"32.171667, -81.902366",Claxton ,9477,25672,27765
31076,"32.538870, -84.110141",Reynolds ,3221,25640,27780
31825,"32.145867, -84.663560",Richland ,2445,25568,27839
30411,"32.137960, -82.804569",Alamo ,3589,25532,27859
31206,"32.800857, -83.693698",Macon ,31283,25494,27891
31060,"31.986810, -83.038507",Milan ,2189,25433,27925
30471,"32.542938, -82.188090",TwinCity ,4364,25382,27975
31081,"32.419232, -84.282732",Rupert ,185,25357,27999
31634,"31.075201, -82.743840",Homerville ,5508,25214,28083
31643,"30.770770, -83.558433",Quitman ,9387,25132,28140
30401,"32.611263, -82.351410",Swainsboro ,12624,25082,28168
31068,"32.334804, -84.101501",Oglethorpe ,4311,25070,28174
31779,"31.112560, -84.180066",Pelham ,9344,25066,28175
30436,"32.154997, -82.293073",Lyons ,11400,25043,28189
31549,"31.928200, -82.714917",LumberCity ,1989,25000,28240
31532,"31.723144, -82.741154",Denton ,605,25000,28243
30421,"32.185377, -82.110912",Collins ,2684,24961,28257
30434,"33.024570, -82.366309",Louisville ,6232,24922,28277
30833,"33.191250, -82.353132",Wrens ,4024,24865,28298
30457,"32.399855, -82.560887",Soperton ,6368,24808,28327
30605,"33.906083, -83.320118",Athens ,38777,24773,28341
31037,"32.121561, -82.936280",Helena ,3358,24741,28360
30448,"32.493664, -82.370427",Nunez ,59,24688,28382
31814,"32.171453, -84.835531",Louvale ,352,24659,28402
30439,"32.425049, -82.060232",Metter ,8849,24659,28404
30310,"33.726586, -84.425995",Atlanta ,33598,24604,28439
30631,"33.558262, -82.866495",Crawfordville ,2154,24545,28480
31626,"30.766410, -83.803108",Boston ,3169,24534,28486
30562,"34.920680, -83.386035",MountainCity ,829,24531,28488
30079,"33.791739, -84.260747",Scottdale ,2563,24500,28508
31006,"32.581861, -84.251849",Butler ,4933,24498,28513
31730,"31.210871, -84.280647",Camilla ,9964,24474,28526
30458,"32.399676, -81.828266",Statesboro ,32135,24343,28605
31821,"32.116128, -84.963449",Omaha ,364,24306,28624
31096,"32.715097, -82.697916",Wrightsville ,6780,24292,28636
30555,"34.971953, -84.416920",McCaysville ,2079,24154,28728
31520,"31.140092, -81.508544",Brunswick ,21796,23898,28860
31712,"31.834992, -83.707348",Arabi ,994,23864,28885
31091,"32.241448, -83.705727",Unadilla ,3870,23750,28971
31638,"30.911809, -83.503744",Morven ,926,23705,29002
30442,"32.794740, -81.997977",Millen ,7767,23617,29029
30429,"32.160670, -81.939957",Hagan ,568,23438,29127
31810,"32.558792, -84.552773",Geneva ,241,23333,29180
31743,"31.895842, -84.006937",DeSoto ,646,23295,29206
31063,"32.288966, -83.963260",Montezuma ,6020,23293,29208
31812,"32.625223, -84.425550",JunctionCity ,574,23125,29279
31629,"30.816844, -83.689394",Dixie ,1059,23125,29288
30423,"32.145577, -81.833854",Daisy ,229,23060,29326
31720,"30.887604, -83.737619",Barwick ,497,23056,29328
30665,"33.532873, -83.072021",Siloam ,359,22898,29407
30303,"33.752717, -84.390679",Atlanta ,3744,22875,29410
30070,"33.574751, -83.897870",Porterdale ,391,22813,29439
31544,"31.840713, -82.963561",Jacksonville ,763,22750,29464
31815,"31.998762, -84.827734",Lumpkin ,2309,22583,29533
30601,"34.001592, -83.344913",Athens ,17727,22383,29622
31714,"31.720230, -83.693798",Ashburn ,6938,22380,29626
31601,"30.758721, -83.319023",Valdosta ,29794,22347,29646
30428,"32.224545, -82.715129",Glenwood ,2470,22208,29702
31087,"33.273053, -83.009714",Sparta ,9936,22174,29719
30464,"32.416863, -82.229256",Stillmore ,231,22143,29730
31903,"32.416493, -84.953350",Columbus ,22588,21892,29849
31002,"32.553124, -82.556965",Adrian ,2403,21508,30030
31041,"32.371389, -84.182173",Ideal ,939,21477,30043
30177,"34.414116, -84.378641",Tate ,338,21250,30124
30807,"33.459331, -82.651509",Camak ,174,20938,30243
30822,"32.914251, -81.866753",Perkins ,572,20833,30279
31836,"32.796402, -84.535090",Woodland ,1124,20688,30329
30477,"32.862531, -82.400518",Wadley ,3171,20603,30360
30315,"33.702829, -84.382515",Atlanta ,40288,20333,30442
30312,"33.745377, -84.376180",Atlanta ,20221,20094,30506
31701,"31.585193, -84.147284",Albany ,22419,19649,30631
30314,"33.757777, -84.431884",Atlanta ,27181,19438,30676
31049,"32.712428, -82.511369",Kite ,1400,19432,30680
31772,"31.724154, -83.961027",Oakfield ,586,18917,30784
31415,"32.078235, -81.127510",Savannah ,12743,18830,30803
30664,"33.560817, -82.804227",Sharon ,38,18750,30831
31401,"32.078364, -81.089063",Savannah ,21616,18100,30941
31901,"32.466505, -84.980285",Columbus ,8072,17817,30984
30447,"32.503028, -82.487607",Norristown ,60,14583,31439
30901,"33.437220, -81.956157",Augusta ,21926,14232,31475
31201,"32.804382, -83.617554",Macon ,10845,13944,31500
30313,"33.764661, -84.397547",Atlanta ,11035,13084,31569
31327,"31.429329, -81.277136",SapeloIsland ,80,7125,31850
30322,"33.795590, -84.327312",Atlanta ,1724,0,31914
30602,"33.948819, -83.374636",Athens ,1400,0,31915
31314,"31.868804, -81.602501",FortStewart ,3820,0,31924
31699,"30.965588, -83.193137",MoodyAFB ,3160,0,31926
31034,"33.036983, -83.217734",Hardwick ,4806,0,31927