RegionID,SizeRank,RegionName,RegionType,StateName,2018-01-31,2018-02-28,2018-03-31,2018-04-30,2018-05-31,2018-06-30,2018-07-31,2018-08-31,2018-09-30,2018-10-31,2018-11-30,2018-12-31,2019-01-31,2019-02-28,2019-03-31,2019-04-30,2019-05-31,2019-06-30,2019-07-31,2019-08-31,2019-09-30,2019-10-31,2019-11-30,2019-12-31,2020-01-31,2020-02-29,2020-03-31,2020-04-30,2020-05-31,2020-06-30,2020-07-31,2020-08-31,2020-09-30,2020-10-31,2020-11-30,2020-12-31,2021-01-31,2021-02-28,2021-03-31,2021-04-30,2021-05-31,2021-06-30,2021-07-31,2021-08-31,2021-09-30,2021-10-31,2021-11-30,2021-12-31,2022-01-31,2022-02-28,2022-03-31,2022-04-30,2022-05-31,2022-06-30,2022-07-31
102001,0,United States,Country,,271600.0,272967.0,279333.0,288667.0,295633.0,299267.0,299900.0,299600.0,299139.0,298473.0,297106.0,294233.0,291567.0,292933.0,297967.0,306333.0,314300.0,320800.0,322433.0,319800.0,315467.0,312133.0,307133.0,303267.0,299800.0,301467.0,306500.0,313000.0,320633.0,328300.0,335300.0,340167.0,342167.0,343029.0,341862.0,337529.0,333300.0,333630.0,340463.0,353830.0,367133.0,378266.0,381567.0,380263.0,376963.0,376030.0,375700.0,374363.0,373663.0,378330.0,388000.0,404333.0,421300.0,437929.0,446263.0
394913,1,"New York, NY",Msa,NY,517967.0,523000.0,534333.0,544667.0,554667.0,560000.0,561242.0,556175.0,551175.0,549933.0,550000.0,549667.0,549333.0,549333.0,554667.0,563333.0,573300.0,578267.0,578267.0,574633.0,573000.0,574333.0,577667.0,579000.0,577667.0,578000.0,584667.0,592667.0,599000.0,601667.0,611967.0,628633.0,642633.0,649333.0,652667.0,656333.0,662963.0,668296.0,673296.0,676333.0,676333.0,669667.0,659667.0,647333.0,641967.0,640633.0,644300.0,647967.0,655967.0,668967.0,685000.0,695000.0,698667.0,699000.0,692633.0
753899,2,"Los Angeles-Long Beach-Anaheim, CA",Msa,CA,798933.0,804333.0,821000.0,838000.0,849667.0,849667.0,841333.0,824333.0,803997.0,787997.0,776663.0,763998.0,754665.0,751565.0,763900.0,780867.0,805300.0,825633.0,842000.0,848933.0,848933.0,848933.0,848667.0,849300.0,852633.0,869300.0,890674.0,894007.0,890507.0,897167.0,929167.0,959633.0,971300.0,975967.0,981000.0,991167.0,997833.0,999500.0,1012666.0,1019666.0,1024667.0,1011633.0,1001300.0,979600.0,960633.0,947633.0,947667.0,950000.0,958333.0,973557.0,990223.0,998556.0,999999.0,999962.0,996229.0
394463,3,"Chicago, IL",Msa,IL,301497.0,305967.0,319467.0,336133.0,346133.0,348633.0,344967.0,338300.0,330967.0,324933.0,318300.0,309933.0,303267.0,306600.0,319633.0,336000.0,345850.0,348183.0,345016.0,338466.0,331467.0,324933.0,319633.0,311300.0,306333.0,309967.0,320800.0,328800.0,332167.0,336833.0,343800.0,348800.0,349967.0,349667.0,346300.0,340967.0,332967.0,333332.0,338632.0,346965.0,353267.0,355630.0,355630.0,348996.0,341633.0,334933.0,329933.0,324267.0,320226.0,321392.0,328726.0,339433.0,348667.0,355033.0,355067.0
394514,4,"Dallas-Fort Worth, TX",Msa,TX,341634.0,345000.0,351633.0,359633.0,365967.0,365667.0,359300.0,350355.0,343988.0,340655.0,339600.0,337933.0,334633.0,334633.0,339333.0,347633.0,354467.0,355797.0,353997.0,348497.0,344167.0,341000.0,339967.0,338300.0,334967.0,334000.0,335667.0,338967.0,343133.0,348133.0,354800.0,358133.0,359767.0,358798.0,357139.0,354169.0,352167.0,353660.0,359327.0,368663.0,378993.0,387997.0,394500.0,397803.0,399470.0,399967.0,403666.0,410000.0,417330.0,423330.0,435660.0,451997.0,471297.0,483300.0,487967.0
394974,5,"Philadelphia, PA",Msa,PA,252633.0,249633.0,253433.0,260400.0,269833.0,276067.0,279400.0,278267.0,276433.0,274767.0,272133.0,266600.0,258300.0,254300.0,258000.0,267667.0,279167.0,287800.0,293133.0,293300.0,293333.0,293633.0,293633.0,290300.0,286333.0,286300.0,289633.0,294633.0,301333.0,311333.0,323333.0,333000.0,336333.0,338588.0,337255.0,333921.0,328300.0,324967.0,326600.0,333267.0,339933.0,345267.0,341933.0,336600.0,331267.0,329633.0,329467.0,326167.0,321167.0,316667.0,315000.0,318300.0,325267.0,333567.0,336933.0
394692,6,"Houston, TX",Msa,TX,314774.0,317125.0,320393.0,325104.0,328537.0,329998.0,326889.0,322031.0,315716.0,312348.0,309110.0,307491.0,306033.0,307329.0,310567.0,315425.0,319603.0,321060.0,319409.0,315522.0,311458.0,308847.0,306838.0,304555.0,302016.0,301566.0,304380.0,307222.0,311334.0,315999.0,321868.0,326694.0,330872.0,334362.0,336459.0,335274.0,333335.0,332830.0,337660.0,345085.0,355748.0,365085.0,371625.0,372782.0,371446.0,371317.0,371493.0,371493.0,370660.0,372660.0,378993.0,388660.0,397663.0,404194.0,404494.0
395209,7,"Washington, DC",Msa,DC,432260.0,431930.0,441963.0,453031.0,465031.0,475331.0,480967.0,477633.0,467667.0,461633.0,456600.0,449900.0,443233.0,443267.0,454967.0,471667.0,488166.0,496166.0,495833.0,489300.0,484633.0,483467.0,485167.0,483467.0,481833.0,486800.0,501830.0,513297.0,523297.0,531633.0,544633.0,551330.0,549330.0,542663.0,534330.0,527327.0,521293.0,519630.0,520300.0,528000.0,534666.0,539666.0,536633.0,531633.0,526633.0,525167.0,525833.0,527163.0,531997.0,542663.0,557667.0,574333.0,587967.0,596633.0,599467.0
394856,8,"Miami-Fort Lauderdale, FL",Msa,FL,393496.0,393496.0,394825.0,396319.0,397946.0,398278.0,398411.0,398112.0,397780.0,397481.0,396452.0,395124.0,393795.0,393496.0,394792.0,396120.0,397780.0,398145.0,400582.0,402243.0,402243.0,400138.0,399968.0,401297.0,401297.0,399806.0,400138.0,399806.0,399474.0,397481.0,397813.0,399806.0,401798.0,403559.0,402344.0,401128.0,399873.0,399902.0,402965.0,411300.0,,,,,472667.0,479333.0,487667.0,494667.0,505000.0,523300.0,549633.0,578963.0,611997.0,635663.0,647967.0
394347,9,"Atlanta, GA",Msa,GA,310065.0,314968.0,323635.0,335333.0,344667.0,349633.0,344933.0,337933.0,329633.0,325000.0,321000.0,317633.0,313957.0,313290.0,317286.0,326963.0,338296.0,344333.0,344633.0,339933.0,334900.0,330567.0,327267.0,325383.0,323862.0,323862.0,325778.0,327247.0,330580.0,336706.0,344459.0,351126.0,354667.0,356300.0,354633.0,351600.0,349933.0,351180.0,357847.0,373880.0,389267.0,399967.0,402300.0,402333.0,401667.0,400000.0,400000.0,399967.0,399633.0,399300.0,399333.0,405330.0,415163.0,428496.0,431166.0
394404,10,"Boston, MA",Msa,MA,542667.0,546000.0,564667.0,584333.0,597933.0,596267.0,579900.0,556633.0,539633.0,536000.0,535833.0,531167.0,528133.0,533267.0,549933.0,570072.0,588105.0,594755.0,594617.0,586616.0,579933.0,574966.0,574967.0,573333.0,573333.0,581333.0,597667.0,605967.0,614600.0,623900.0,640600.0,648933.0,649933.0,658233.0,664600.0,667633.0,665667.0,672633.0,684633.0,694633.0,697967.0,699300.0,692933.0,679300.0,671267.0,671300.0,676633.0,684666.0,691300.0,712633.0,729633.0,746000.0,755467.0,758467.0,758467.0
395057,11,"San Francisco, CA",Msa,CA,807333.0,824000.0,857667.0,899667.0,924667.0,938000.0,922667.0,882000.0,852000.0,842317.0,837650.0,819650.0,798833.0,802500.0,830500.0,867333.0,900667.0,907633.0,904927.0,886260.0,885960.0,889000.0,895629.0,875925.0,859259.0,871296.0,899667.0,916333.0,924667.0,949000.0,982333.0,998667.0,999317.0,999613.0,999613.0,995629.0,988667.0,982000.0,981000.0,987228.0,992561.0,995895.0,983000.0,964296.0,940963.0,929629.0,916333.0,906333.0,897667.0,913000.0,944333.0,977333.0,995666.0,1015666.0,1015666.0
394532,12,"Detroit, MI",Msa,MI,219926.0,218256.0,224622.0,237997.0,253000.0,263000.0,264633.0,259600.0,251600.0,244633.0,237967.0,231267.0,226567.0,226567.0,233233.0,246567.0,259900.0,269900.0,271267.0,267300.0,258300.0,248600.0,239267.0,231633.0,225967.0,224267.0,228567.0,234263.0,245930.0,261597.0,278233.0,286600.0,283300.0,278333.0,273167.0,268133.0,264767.0,266600.0,276600.0,288300.0,297262.0,300595.0,297262.0,288300.0,274967.0,261600.0,249600.0,237933.0,226267.0,216433.0,214767.0,223133.0,241600.0,261300.0,274300.0
395025,13,"Riverside, CA",Msa,CA,390833.0,393500.0,396833.0,402666.0,406633.0,409966.0,409933.0,406633.0,403300.0,399966.0,399633.0,398633.0,398333.0,398663.0,402997.0,408330.0,415500.0,420467.0,423800.0,423967.0,420667.0,417333.0,415000.0,414733.0,415033.0,418367.0,423300.0,426333.0,428000.0,434667.0,446333.0,461333.0,471667.0,480000.0,485000.0,490000.0,491665.0,493332.0,494995.0,506663.0,520663.0,534333.0,542633.0,546966.0,549933.0,551533.0,552233.0,552267.0,550697.0,551663.0,559997.0,576333.0,591300.0,599600.0,599600.0
394976,14,"Phoenix, AZ",Msa,AZ,332633.0,338282.0,345982.0,350979.0,353995.0,352962.0,349965.0,344933.0,341600.0,339600.0,339300.0,339300.0,341267.0,343900.0,347267.0,351633.0,355967.0,359300.0,359933.0,360967.0,362633.0,364333.0,366650.0,369950.0,375783.0,382433.0,388967.0,384767.0,379800.0,378574.0,388574.0,396908.0,399967.0,399967.0,399633.0,399600.0,402297.0,405880.0,414247.0,423250.0,436667.0,448300.0,459633.0,466267.0,469633.0,471633.0,474967.0,478300.0,483267.0,488300.0,494933.0,506633.0,521633.0,535000.0,534667.0
395078,15,"Seattle, WA",Msa,WA,508316.0,528316.0,559250.0,584217.0,597550.0,599617.0,592650.0,581000.0,567997.0,564663.0,561330.0,561317.0,563317.0,578300.0,601633.0,626633.0,642970.0,644654.0,636320.0,624660.0,617960.0,616293.0,618283.0,621650.0,631633.0,648283.0,663283.0,662967.0,659667.0,660333.0,669000.0,671667.0,664333.0,654333.0,643333.0,640000.0,643333.0,656667.0,673000.0,687997.0,701329.0,706979.0,706966.0,698600.0,694950.0,693300.0,691667.0,686650.0,691648.0,712982.0,749332.0,787667.0,821000.0,829667.0,816333.0
394865,16,"Minneapolis-St Paul, MN",Msa,MN,354735.0,372038.0,387642.0,393487.0,391753.0,384160.0,375491.0,368244.0,360269.0,356455.0,351565.0,351531.0,357044.0,369215.0,384853.0,393521.0,395255.0,388667.0,383466.0,375212.0,369630.0,362730.0,361968.0,362002.0,369022.0,379737.0,390139.0,393522.0,393522.0,393518.0,395217.0,393484.0,386552.0,378577.0,369943.0,369908.0,371321.0,379927.0,388133.0,392967.0,392967.0,389467.0,387767.0,382800.0,378300.0,373333.0,373300.0,378217.0,388850.0,402473.0,414190.0,421857.0,422954.0,417987.0,410637.0
395056,17,"San Diego, CA",Msa,CA,706300.0,722967.0,736000.0,749333.0,749633.0,749633.0,742633.0,726000.0,706333.0,689999.0,681666.0,676667.0,676333.0,681333.0,694500.0,714833.0,734500.0,746000.0,747667.0,747667.0,747667.0,745667.0,744333.0,744333.0,747667.0,755967.0,771300.0,771633.0,771662.0,781662.0,814995.0,841249.0,841249.0,832916.0,816666.0,816333.0,817666.0,834333.0,843000.0,856667.0,856666.0,856333.0,849333.0,846333.0,843000.0,843000.0,845998.0,849663.0,858330.0,874665.0,898000.0,922667.0,939667.0,949333.0,936000.0
395121,18,"St. Louis, MO",Msa,MO,190933.0,191267.0,196567.0,204933.0,213267.0,218267.0,219767.0,219467.0,219167.0,217667.0,214667.0,209967.0,206300.0,207933.0,216133.0,227800.0,237800.0,242967.0,243933.0,242267.0,240433.0,238100.0,234767.0,229933.0,228300.0,231633.0,237267.0,242267.0,248597.0,254797.0,259763.0,259100.0,257267.0,255533.0,253200.0,249867.0,248300.0,253300.0,261600.0,271567.0,273900.0,272267.0,265300.0,257967.0,252633.0,246300.0,242500.0,241167.0,244000.0,251133.0,259433.0,263267.0,264933.0,263267.0,263233.0
395148,19,"Tampa, FL",Msa,FL,260027.0,260027.0,261665.0,265039.0,269891.0,273104.0,273071.0,269859.0,266642.0,263458.0,261812.0,259566.0,258927.0,258934.0,262404.0,267866.0,275899.0,281072.0,282646.0,281072.0,279465.0,279176.0,277570.0,275675.0,273422.0,273422.0,274996.0,274967.0,276542.0,279787.0,285602.0,292028.0,296202.0,301985.0,302335.0,301693.0,299520.0,299929.0,305330.0,315493.0,331797.0,346763.0,359933.0,368300.0,374330.0,379330.0,386330.0,393333.0,398300.0,406630.0,417293.0,433593.0,445597.0,452930.0,453297.0
394358,20,"Baltimore, MD",Msa,MD,303233.0,299900.0,304933.0,313300.0,326633.0,338133.0,346133.0,346133.0,341967.0,335633.0,329000.0,320000.0,313333.0,311667.0,316667.0,328300.0,339967.0,348800.0,351333.0,351300.0,347433.0,341600.0,334633.0,327967.0,322933.0,323233.0,329933.0,339133.0,347500.0,355833.0,363008.0,364675.0,361342.0,356633.0,350633.0,345300.0,338667.0,341333.0,350000.0,361300.0,370967.0,374300.0,374663.0,367997.0,361330.0,353000.0,346633.0,339967.0,333600.0,329300.0,334267.0,345300.0,359600.0,369300.0,372966.0
394530,21,"Denver, CO",Msa,CO,540994.0,555798.0,559455.0,557771.0,548000.0,536333.0,519667.0,506333.0,494333.0,487333.0,480663.0,477663.0,481330.0,491667.0,507000.0,518667.0,524167.0,522500.0,517467.0,509933.0,502933.0,497967.0,497967.0,499967.0,509967.0,526633.0,541633.0,544967.0,541633.0,541633.0,546633.0,550000.0,543667.0,533000.0,522300.0,520950.0,526613.0,537313.0,549313.0,565983.0,582617.0,597950.0,604646.0,607980.0,609130.0,613122.0,617485.0,623685.0,629663.0,638667.0,652827.0,672827.0,689490.0,693330.0,683297.0
394982,22,"Pittsburgh, PA",Msa,PA,171567.0,169900.0,173233.0,177325.0,183192.0,184892.0,184166.0,181633.0,179933.0,178267.0,175967.0,172666.0,170966.0,170799.0,175100.0,181767.0,189267.0,194800.0,198133.0,199467.0,198633.0,195300.0,190633.0,184967.0,183300.0,185667.0,192300.0,197300.0,204900.0,214900.0,227767.0,234433.0,234467.0,234633.0,234633.0,234633.0,234300.0,237333.0,243966.0,251300.0,256600.0,256600.0,249600.0,239300.0,231300.0,226633.0,223300.0,217967.0,211267.0,208233.0,208267.0,213300.0,218333.0,224667.0,227967.0
394998,23,"Portland, OR",Msa,OR,459004.0,465399.0,471812.0,478194.0,479797.0,479781.0,476566.0,470136.0,462139.0,455741.0,452542.0,450943.0,452574.0,455773.0,462199.0,468197.0,472212.0,473175.0,470376.0,466393.0,460635.0,456796.0,453598.0,453598.0,456765.0,464868.0,471265.0,470306.0,469880.0,471448.0,481044.0,485203.0,489233.0,493248.0,502205.0,512569.0,520445.0,524306.0,533000.0,549667.0,571333.0,586667.0,591333.0,587667.0,581000.0,574667.0,572000.0,572000.0,578633.0,585967.0,593967.0,597300.0,599633.0,599967.0,599667.0
394458,24,"Charlotte, NC",Msa,NC,327272.0,327305.0,331849.0,338299.0,344684.0,347088.0,344169.0,337805.0,330890.0,324456.0,320227.0,316648.0,315035.0,317630.0,324112.0,332174.0,340205.0,344687.0,344687.0,340850.0,335690.0,333110.0,330530.0,331013.0,331820.0,335045.0,339753.0,341495.0,345717.0,350877.0,361439.0,366896.0,368843.0,368772.0,369551.0,370000.0,369667.0,371333.0,377633.0,387966.0,399296.0,406296.0,408263.0,405267.0,403300.0,406278.0,409278.0,409275.0,405997.0,402997.0,405000.0,409667.0,418747.0,428080.0,432747.0
395045,25,"Sacramento, CA",Msa,CA,462983.0,468667.0,477833.0,486800.0,492800.0,491800.0,486500.0,479833.0,471333.0,464667.0,457667.0,456000.0,457983.0,465983.0,480613.0,492263.0,502896.0,511567.0,519600.0,522633.0,517633.0,509630.0,503263.0,504297.0,510633.0,519680.0,525569.0,525869.0,525189.0,527967.0,537667.0,548333.0,560330.0,567514.0,575148.0,580118.0,587267.0,590300.0,585333.0,588000.0,598000.0,613000.0,621333.0,619997.0,618331.0,617661.0,620663.0,627630.0,636300.0,645633.0,652663.0,659330.0,661997.0,659333.0,648000.0
395055,26,"San Antonio, TX",Msa,TX,279966.0,280000.0,283000.0,288657.0,295090.0,298423.0,297767.0,293667.0,288645.0,283645.0,281445.0,280800.0,280797.0,280630.0,281630.0,284967.0,290000.0,293033.0,293000.0,289667.0,286600.0,283297.0,281297.0,278997.0,278633.0,278967.0,282633.0,286153.0,290153.0,293787.0,297300.0,299933.0,299633.0,297967.0,294667.0,291333.0,289433.0,291097.0,294763.0,300802.0,306105.0,316105.0,329895.0,342595.0,348203.0,347271.0,343897.0,341623.0,342627.0,349666.0,358331.0,365331.0,374998.0,385300.0,393633.0
394943,27,"Orlando, FL",Msa,FL,299900.0,302933.0,309467.0,317833.0,323167.0,325000.0,324997.0,323297.0,319963.0,314933.0,308600.0,303567.0,300233.0,299933.0,303300.0,310000.0,318333.0,323333.0,325000.0,325000.0,325434.0,325434.0,325434.0,324997.0,324963.0,326597.0,328267.0,325267.0,321963.0,320297.0,324997.0,328333.0,330633.0,332267.0,332600.0,331967.0,329663.0,328997.0,331663.0,338667.0,347333.0,358000.0,368300.0,378300.0,384963.0,391330.0,395663.0,398967.0,402633.0,410630.0,424997.0,440662.0,458332.0,468998.0,473333.0
394466,28,"Cincinnati, OH",Msa,OH,218267.0,219967.0,231600.0,248267.0,261600.0,267600.0,265933.0,259267.0,251633.0,244967.0,241333.0,236300.0,232966.0,236633.0,249966.0,266300.0,279467.0,285800.0,287800.0,284300.0,279000.0,272610.0,266277.0,261777.0,261467.0,269767.0,283233.0,294933.0,308300.0,321500.0,333167.0,334333.0,327500.0,320800.0,312967.0,310630.0,311297.0,320376.0,332213.0,346546.0,360800.0,364933.0,359433.0,344667.0,334097.0,329297.0,327397.0,327997.0,334328.0,344962.0,354965.0,360633.0,358333.0,351633.0,338300.0
394475,29,"Cleveland, OH",Msa,OH,161567.0,161567.0,164900.0,171433.0,176433.0,181633.0,183467.0,183500.0,181633.0,179933.0,178267.0,176600.0,174933.0,176567.0,179933.0,185404.0,191937.0,196904.0,199467.0,196267.0,192933.0,188267.0,184933.0,181600.0,179900.0,180933.0,185967.0,192333.0,201300.0,209600.0,218267.0,220967.0,214300.0,205933.0,196600.0,192967.0,191333.0,198000.0,211633.0,228130.0,238097.0,237797.0,230467.0,220467.0,210767.0,201567.0,197267.0,193967.0,190633.0,183267.0,179900.0,179933.0,188267.0,199967.0,209300.0
394735,30,"Kansas City, MO",Msa,MO,254846.0,259950.0,269617.0,274633.0,277333.0,276000.0,275167.0,272467.0,272467.0,279967.0,286633.0,293300.0,296600.0,307283.0,320617.0,331983.0,337967.0,336300.0,329967.0,319967.0,312967.0,308267.0,304967.0,302287.0,306954.0,317273.0,333286.0,342986.0,352667.0,359650.0,364967.0,361633.0,353317.0,344983.0,341617.0,339917.0,341600.0,352267.0,368100.0,383067.0,391600.0,390800.0,383833.0,368000.0,358000.0,355000.0,361650.0,373633.0,391950.0,411933.0,425617.0,428967.0,428300.0,417633.0,404300.0
394775,31,"Las Vegas, NV",Msa,NV,290280.0,291947.0,294947.0,306300.0,324592.0,341592.0,349592.0,347882.0,341216.0,333215.0,324966.0,321599.0,318263.0,314963.0,312630.0,313313.0,316980.0,321013.0,323666.0,324333.0,322633.0,320933.0,319933.0,319967.0,321333.0,325667.0,334000.0,335667.0,333833.0,330500.0,335667.0,341500.0,344833.0,346500.0,347500.0,347500.0,346333.0,346333.0,356333.0,374000.0,398000.0,417633.0,427967.0,437633.0,446300.0,459300.0,468967.0,479333.0,489667.0,502000.0,513333.0,521666.0,526333.0,523000.0,511667.0
394492,32,"Columbus, OH",Msa,OH,253933.0,267988.0,284655.0,302288.0,311597.0,316930.0,315263.0,306933.0,294933.0,283267.0,274705.0,268072.0,264739.0,269967.0,286800.0,306800.0,320133.0,325967.0,326000.0,320333.0,309300.0,295300.0,285933.0,280467.0,282767.0,292767.0,306567.0,316567.0,326567.0,336567.0,344933.0,341600.0,329967.0,321630.0,318330.0,321630.0,322630.0,327001.0,333928.0,342928.0,348523.0,348297.0,345297.0,340330.0,334997.0,332997.0,337663.0,345327.0,352327.0,357990.0,362323.0,363660.0,361663.0,359966.0,356600.0
394705,33,"Indianapolis, IN",Msa,IN,210567.0,215533.0,227500.0,251600.0,272600.0,284267.0,279267.0,269633.0,259633.0,249600.0,239900.0,233100.0,230433.0,236100.0,249567.0,267267.0,281600.0,286633.0,284933.0,279933.0,274933.0,269944.0,264644.0,258811.0,257167.0,262167.0,273544.0,283510.0,292174.0,302446.0,311046.0,316016.0,309865.0,299632.0,287665.0,279667.0,277667.0,280218.0,287866.0,295166.0,300448.0,301133.0,300800.0,299967.0,301965.0,303662.0,306995.0,311263.0,316267.0,322598.0,326298.0,329632.0,331600.0,330148.0,328481.0
395059,34,"San Jose, CA",Msa,CA,1078317.0,1111650.0,1165000.0,1216667.0,1254333.0,1262333.0,1245333.0,1199296.0,1149629.0,1116229.0,1082896.0,1048896.0,1015592.0,1031925.0,1065925.0,1112962.0,1139869.0,1156536.0,1143984.0,1117377.0,1100643.0,1099529.0,1096266.0,1072450.0,1072450.0,1108117.0,1165333.0,1191333.0,1192000.0,1208667.0,1239000.0,1256000.0,1255983.0,1248550.0,1248550.0,1231863.0,1216596.0,1219559.0,1244596.0,1261296.0,1274967.0,1283283.0,1296617.0,1286279.0,1279296.0,1268629.0,1245667.0,1219000.0,1232629.0,1282629.0,1357963.0,1400000.0,1446296.0,1464296.0,1455296.0
394355,35,"Austin, TX",Msa,TX,350926.0,352725.0,356934.0,361500.0,362881.0,362911.0,359889.0,354363.0,348307.0,343765.0,340343.0,336104.0,333395.0,334925.0,341859.0,350926.0,356982.0,354590.0,346414.0,337653.0,331597.0,328566.0,326722.0,323695.0,323849.0,327761.0,338044.0,345236.0,353139.0,362539.0,373667.0,383231.0,390348.0,396497.0,400112.0,399993.0,401630.0,412293.0,430627.0,455627.0,477297.0,492933.0,502159.0,505155.0,512412.0,517550.0,522411.0,522187.0,522857.0,532000.0,554917.0,579917.0,603250.0,611667.0,611633.0
395194,36,"Virginia Beach, VA",Msa,VA,258640.0,258317.0,261193.0,265714.0,271172.0,274756.0,277049.0,277081.0,276758.0,274495.0,272848.0,271072.0,271882.0,274982.0,279988.0,285607.0,288966.0,290548.0,290548.0,290548.0,290257.0,289967.0,289967.0,290257.0,290548.0,290577.0,293774.0,297972.0,304418.0,309973.0,315463.0,318676.0,318030.0,317059.0,313522.0,308533.0,302933.0,299930.0,301630.0,306660.0,309997.0,309997.0,305000.0,301667.0,300333.0,300333.0,300333.0,300000.0,300000.0,303333.0,310000.0,320000.0,328333.0,334967.0,337133.0
394902,37,"Nashville, TN",Msa,TN,372863.0,374296.0,376929.0,379617.0,379617.0,377950.0,374300.0,367933.0,362967.0,359800.0,358133.0,356433.0,354933.0,354933.0,356600.0,359933.0,364633.0,367967.0,367800.0,364766.0,361433.0,359600.0,357902.0,355588.0,352588.0,352653.0,354967.0,358297.0,363263.0,368297.0,374933.0,378267.0,381567.0,381600.0,381300.0,379633.0,381300.0,389267.0,399300.0,412633.0,424997.0,438330.0,449663.0,453000.0,453000.0,455000.0,460000.0,463333.0,461633.0,470933.0,490930.0,520930.0,544963.0,566330.0,567997.0
395005,38,"Providence, RI",Msa,RI,346011.0,347794.0,353073.0,360065.0,365309.0,367022.0,367057.0,367057.0,367057.0,365274.0,361429.0,356219.0,354471.0,357967.0,366358.0,376532.0,383839.0,387649.0,387999.0,387999.0,387684.0,385936.0,382440.0,375763.0,370518.0,373700.0,384188.0,394642.0,401949.0,408941.0,419464.0,424743.0,421282.0,410759.0,400270.0,396425.0,396607.0,407169.0,411083.0,417083.0,417050.0,428967.0,438300.0,443167.0,438167.0,436467.0,433267.0,431600.0,434933.0,444783.0,456450.0,469783.0,474967.0,484200.0,479233.0
394862,39,"Milwaukee, WI",Msa,WI,215100.0,216467.0,224667.0,236500.0,246833.0,254300.0,256600.0,254900.0,248233.0,241900.0,235233.0,230600.0,230267.0,233567.0,238200.0,238233.0,238267.0,239467.0,241100.0,241100.0,236600.0,231967.0,226967.0,222800.0,220767.0,222433.0,231600.0,241600.0,251600.0,258233.0,263233.0,259933.0,253300.0,244966.0,239933.0,233267.0,228267.0,226300.0,227933.0,232633.0,239300.0,239300.0,232300.0,219300.0,212633.0,208267.0,204900.0,198267.0,194133.0,192467.0,195767.0,201600.0,213267.0,226600.0,239900.0
394714,40,"Jacksonville, FL",Msa,FL,301300.0,304963.0,309997.0,314663.0,316633.0,316600.0,312930.0,307627.0,302460.0,298130.0,296433.0,296300.0,296600.0,297967.0,300133.0,304833.0,311833.0,314167.0,311022.0,304352.0,299852.0,299630.0,299300.0,298628.0,298628.0,301958.0,306297.0,307327.0,309330.0,312330.0,317967.0,319300.0,317967.0,314667.0,309633.0,306963.0,306930.0,310630.0,317617.0,327650.0,339317.0,346667.0,350000.0,351997.0,356993.0,361993.0,365297.0,367600.0,370933.0,378300.0,391997.0,411297.0,428930.0,437933.0,436933.0
394849,41,"Memphis, TN",Msa,TN,186596.0,181850.0,180897.0,183945.0,187120.0,194739.0,199660.0,205374.0,207121.0,208676.0,208867.0,205851.0,202708.0,200612.0,203470.0,208232.0,215565.0,220645.0,223820.0,223788.0,223439.0,223407.0,223439.0,223788.0,222232.0,222201.0,225375.0,230137.0,235985.0,241667.0,248017.0,251694.0,247599.0,245694.0,244138.0,245090.0,243698.0,241121.0,243833.0,247167.0,255200.0,258800.0,261267.0,261600.0,263300.0,266667.0,268333.0,266667.0,260000.0,249967.0,241633.0,241633.0,253333.0,266667.0,278333.0
394935,42,"Oklahoma City, OK",Msa,OK,236023.0,238047.0,242847.0,248028.0,252522.0,253212.0,253212.0,250433.0,248683.0,246933.0,246968.0,246968.0,248889.0,253692.0,262270.0,271188.0,277704.0,279111.0,277226.0,272700.0,269578.0,267520.0,267588.0,267588.0,269304.0,273249.0,278602.0,282033.0,286665.0,293683.0,299461.0,300833.0,297075.0,294980.0,293604.0,292575.0,291838.0,295003.0,302547.0,313580.0,320933.0,322767.0,319433.0,314288.0,310102.0,306508.0,307487.0,312537.0,323743.0,337600.0,352933.0,360320.0,357993.0,347493.0,335826.0
394807,43,"Louisville-Jefferson County, KY",Msa,KY,232000.0,240300.0,253933.0,266539.0,274572.0,276272.0,274333.0,271000.0,267667.0,265967.0,262133.0,257133.0,254133.0,257267.0,266900.0,278567.0,287600.0,291267.0,289633.0,284633.0,277967.0,269600.0,259933.0,251967.0,248500.0,253167.0,264714.0,278181.0,290148.0,296567.0,299600.0,296900.0,288567.0,278067.0,265767.0,259130.0,256597.0,261630.0,269963.0,278430.0,285730.0,289067.0,287967.0,284000.0,278000.0,275663.0,272330.0,272327.0,272330.0,278963.0,286967.0,293297.0,293253.0,290920.0,287923.0
394669,44,"Hartford, CT",Msa,CT,273928.0,278408.0,286925.0,293731.0,297459.0,297459.0,297459.0,297151.0,295441.0,293731.0,290618.0,288908.0,287198.0,288942.0,292363.0,298895.0,303992.0,309584.0,309891.0,309584.0,305736.0,302349.0,299237.0,297185.0,296159.0,296193.0,302316.0,310148.0,320375.0,328241.0,338502.0,345034.0,345034.0,341306.0,336484.0,333064.0,330504.0,332680.0,339600.0,347933.0,351267.0,346600.0,338283.0,329983.0,326650.0,324667.0,324667.0,329633.0,337967.0,347033.0,353400.0,353700.0,355967.0,359633.0,366300.0
395022,45,"Richmond, VA",Msa,VA,297989.0,298986.0,306892.0,318590.0,326347.0,329511.0,329821.0,327637.0,322821.0,315976.0,311281.0,309526.0,309492.0,311229.0,319863.0,331919.0,343872.0,348671.0,349032.0,343958.0,337440.0,330216.0,326742.0,326684.0,329418.0,334575.0,341495.0,350456.0,360221.0,370214.0,377403.0,381417.0,380385.0,379855.0,381585.0,385673.0,390617.0,394633.0,398978.0,400645.0,400945.0,396283.0,389600.0,382963.0,380497.0,383030.0,389033.0,399150.0,410650.0,420983.0,417000.0,411333.0,406666.0,410667.0,407333.0
394910,46,"New Orleans, LA",Msa,LA,245967.0,242633.0,243167.0,249500.0,257000.0,262167.0,263500.0,262633.0,259300.0,256600.0,253300.0,251633.0,249967.0,251633.0,256300.0,262967.0,269600.0,272267.0,272267.0,270300.0,269133.0,268167.0,267133.0,265267.0,262900.0,261600.0,263933.0,268967.0,276267.0,282617.0,288450.0,293483.0,296833.0,299000.0,299000.0,299000.0,297633.0,295133.0,295433.0,303467.0,314633.0,323717.0,325717.0,323717.0,321000.0,321000.0,324333.0,326567.0,328233.0,330233.0,333333.0,333000.0,329667.0,326333.0,324833.0
394425,47,"Buffalo, NY",Msa,NY,175691.0,177398.0,184225.0,192759.0,199585.0,202999.0,204706.0,203886.0,202214.0,198800.0,194499.0,189345.0,185932.0,186307.0,189721.0,196547.0,204706.0,211533.0,214980.0,211567.0,207846.0,204091.0,200678.0,197572.0,194465.0,194465.0,197879.0,204706.0,214980.0,225255.0,232082.0,232048.0,228600.0,225759.0,225611.0,225103.0,224469.0,232551.0,241330.0,254663.0,259967.0,259933.0,253267.0,243267.0,237467.0,232433.0,229133.0,226633.0,224967.0,224933.0,228213.0,231546.0,236546.0,241267.0,245967.0
395012,48,"Raleigh, NC",Msa,NC,342052.0,343677.0,350446.0,360001.0,366341.0,366341.0,364433.0,361247.0,357774.0,351402.0,346017.0,341556.0,339804.0,340441.0,346813.0,356850.0,366376.0,369563.0,366663.0,361884.0,358666.0,356754.0,352803.0,348024.0,344838.0,347196.0,353281.0,357095.0,362511.0,367609.0,376540.0,381479.0,385197.0,387866.0,388955.0,389350.0,389233.0,392800.0,397467.0,403740.0,409037.0,414370.0,419797.0,423300.0,425000.0,425000.0,426230.0,426717.0,426717.0,428120.0,437980.0,454580.0,471947.0,486267.0,489667.0
394388,49,"Birmingham, AL",Msa,AL,206300.0,206833.0,215133.0,226748.0,236215.0,239548.0,239900.0,239900.0,238267.0,234633.0,231000.0,229300.0,229600.0,233233.0,239900.0,249900.0,258327.0,264993.0,270027.0,271633.0,272333.0,272102.0,272068.0,269733.0,266598.0,265870.0,267505.0,269172.0,273233.0,278233.0,282400.0,282300.0,277667.0,275200.0,273667.0,276333.0,277667.0,280133.0,282267.0,288350.0,293883.0,296513.0,293763.0,290763.0,289667.0,294300.0,299300.0,302300.0,297667.0,282633.0,266300.0,255967.0,261000.0,271383.0,278683.0
395053,50,"Salt Lake City, UT",Msa,UT,418283.0,423561.0,430693.0,437662.0,444847.0,448770.0,449642.0,447520.0,442492.0,434829.0,429480.0,427198.0,427341.0,431227.0,438502.0,450983.0,461680.0,468670.0,466904.0,461591.0,456421.0,454620.0,455504.0,459070.0,466202.0,477795.0,486710.0,484927.0,481364.0,484574.0,496199.0,502439.0,501013.0,497621.0,501364.0,512062.0,524629.0,530847.0,529333.0,534300.0,545967.0,560933.0,563300.0,561300.0,553333.0,548333.0,545333.0,555000.0,571633.0,588267.0,604900.0,631900.0,656900.0,665233.0,648267.0
395031,51,"Rochester, NY",Msa,NY,183361.0,190484.0,200528.0,212638.0,221579.0,225781.0,222220.0,215096.0,207972.0,202986.0,198676.0,198676.0,203983.0,215413.0,227915.0,241094.0,248185.0,250856.0,248363.0,243056.0,235006.0,224321.0,216841.0,209753.0,209789.0,219014.0,235042.0,252815.0,261720.0,267027.0,268808.0,268624.0,261501.0,252276.0,245336.0,252459.0,260861.0,274642.0,280600.0,282267.0,273233.0,261600.0,253267.0,244967.0,234933.0,224633.0,219300.0,215967.0,216267.0,218267.0,219967.0,213300.0,211600.0,214900.0,224600.0
394640,52,"Grand Rapids, MI",Msa,MI,261633.0,269967.0,281667.0,291667.0,298300.0,299967.0,298300.0,293500.0,288467.0,285435.0,286902.0,288568.0,289900.0,292933.0,298967.0,307333.0,312633.0,313267.0,310933.0,305933.0,302300.0,296267.0,292933.0,289900.0,292933.0,297933.0,306267.0,313233.0,318233.0,319933.0,321600.0,321633.0,321600.0,319033.0,319167.0,321762.0,327662.0,337495.0,346800.0,355133.0,362800.0,370600.0,378933.0,380967.0,379600.0,373517.0,371088.0,374754.0,387504.0,404933.0,419600.0,427967.0,431633.0,431000.0,429333.0
395167,53,"Tucson, AZ",Msa,AZ,260933.0,264300.0,269333.0,274997.0,279997.0,281330.0,281300.0,280467.0,282467.0,282467.0,281300.0,279467.0,279500.0,282247.0,288080.0,294713.0,298933.0,298267.0,296300.0,293500.0,293467.0,293767.0,294600.0,292933.0,292967.0,294933.0,298300.0,298933.0,300600.0,308933.0,319933.0,329967.0,328300.0,323333.0,319433.0,321100.0,326100.0,334967.0,348300.0,364933.0,374967.0,381633.0,381633.0,379967.0,374967.0,370000.0,367810.0,367653.0,370650.0,376540.0,386663.0,400330.0,413297.0,419330.0,416000.0
753924,54,"Urban Honolulu, HI",Msa,HI,664333.0,663333.0,656667.0,650000.0,651333.0,659000.0,664000.0,669333.0,671667.0,670000.0,665000.0,663000.0,669500.0,672500.0,674467.0,670967.0,670967.0,671000.0,671000.0,670567.0,663867.0,657533.0,651300.0,649000.0,644000.0,639333.0,631667.0,623333.0,611633.0,606633.0,609300.0,609333.0,601000.0,591333.0,591000.0,599333.0,602667.0,586333.0,576000.0,575667.0,600667.0,624333.0,651667.0,676333.0,691333.0,691333.0,684000.0,669000.0,662333.0,668333.0,691667.0,723333.0,755000.0,791666.0,823333.0
395169,55,"Tulsa, OK",Msa,OK,190775.0,191817.0,196180.0,201750.0,204844.0,205153.0,204225.0,204217.0,204063.0,204032.0,204008.0,204132.0,204418.0,207234.0,213299.0,220780.0,227278.0,230217.0,231734.0,230960.0,231579.0,233126.0,235447.0,236654.0,235106.0,235075.0,238201.0,244389.0,252156.0,261439.0,269639.0,274280.0,274280.0,274898.0,275282.0,275333.0,273667.0,272068.0,282402.0,294402.0,307000.0,303667.0,297633.0,291013.0,289313.0,289346.0,287967.0,285930.0,289263.0,300596.0,314333.0,329247.0,336547.0,337366.0,330786.0
394619,56,"Fresno, CA",Msa,CA,333163.0,330378.0,330206.0,333301.0,338149.0,340040.0,340380.0,338661.0,336598.0,333851.0,331788.0,328693.0,324568.0,323158.0,324877.0,333170.0,343519.0,353834.0,361855.0,363230.0,362886.0,358245.0,353600.0,350488.0,349919.0,353155.0,357985.0,360600.0,365792.0,371293.0,381298.0,387246.0,389753.0,388377.0,389306.0,389034.0,390078.0,389393.0,391757.0,400113.0,413447.0,423300.0,424967.0,421667.0,423150.0,429680.0,436947.0,443797.0,446933.0,436300.0,427967.0,426633.0,441000.0,449333.0,450967.0
395238,57,"Worcester, MA",Msa,MA,279969.0,281848.0,288219.0,297744.0,308550.0,314953.0,317342.0,315805.0,314181.0,310199.0,307013.0,302267.0,300388.0,302299.0,311823.0,324852.0,335969.0,343933.0,344570.0,341384.0,336319.0,333484.0,331892.0,329630.0,328674.0,330297.0,340809.0,351926.0,364344.0,373072.0,379475.0,382667.0,381616.0,382532.0,385399.0,391300.0,396267.0,399600.0,399900.0,399900.0,399933.0,408300.0,411667.0,411666.0,403333.0,399966.0,399633.0,396300.0,394252.0,397885.0,411185.0,426600.0,444631.0,451331.0,454665.0
394415,58,"Stamford, CT",Msa,CT,684597.0,720198.0,764048.0,788968.0,796088.0,792823.0,778938.0,761138.0,746898.0,746542.0,743302.0,740063.0,736823.0,740383.0,752879.0,766799.0,773954.0,764698.0,747076.0,722156.0,704711.0,699549.0,704889.0,709838.0,713220.0,723900.0,736396.0,743694.0,754374.0,772174.0,791399.0,798519.0,789975.0,779615.0,763239.0,754339.0,748017.0,782170.0,812933.0,829300.0,821300.0,806333.0,783300.0,736083.0,698867.0,681900.0,697417.0,715967.0,765967.0,832333.0,885667.0,906000.0,868000.0,843333.0,813000.0
394312,59,"Albuquerque, NM",Msa,NM,244300.0,245933.0,250633.0,257300.0,263667.0,267000.0,265300.0,260633.0,254967.0,253300.0,253300.0,254933.0,254967.0,258267.0,263300.0,269967.0,273833.0,276868.0,278202.0,279035.0,279000.0,279300.0,279143.0,277810.0,279477.0,286300.0,294633.0,299667.0,306667.0,320000.0,335000.0,343333.0,343333.0,338300.0,331633.0,327963.0,331330.0,336330.0,345833.0,352500.0,363830.0,369663.0,373660.0,373635.0,374390.0,382060.0,387025.0,388373.0,389373.0,392518.0,404732.0,413732.0,421967.0,421617.0,414283.0
394308,60,"Albany, NY",Msa,NY,237963.0,241619.0,245601.0,247230.0,249003.0,251863.0,255808.0,259102.0,258415.0,257546.0,257835.0,257835.0,256931.0,256967.0,260550.0,265799.0,269419.0,271265.0,273219.0,272894.0,269998.0,266740.0,266016.0,267066.0,264930.0,265654.0,270396.0,277599.0,284839.0,293852.0,304711.0,310503.0,307064.0,301793.0,296018.0,294792.0,293460.0,296038.0,303100.0,308067.0,307767.0,296267.0,286267.0,278267.0,274933.0,269933.0,265600.0,263800.0,261967.0,264600.0,269733.0,276567.0,279900.0,283233.0,283267.0
394938,61,"Omaha, NE",Msa,NE,277882.0,285740.0,294128.0,304267.0,309548.0,309582.0,306196.0,302827.0,300285.0,293935.0,287470.0,284926.0,287890.0,296376.0,309885.0,322686.0,329389.0,327012.0,324006.0,318986.0,312571.0,302267.0,294149.0,291117.0,293345.0,302181.0,311444.0,318182.0,322484.0,326711.0,331057.0,331091.0,326694.0,323557.0,319984.0,320058.0,320036.0,326880.0,333387.0,339420.0,339667.0,333000.0,323000.0,315000.0,311667.0,313330.0,316663.0,332660.0,355997.0,380980.0,393758.0,393421.0,386771.0,379663.0,378330.0
394908,62,"New Haven, CT",Msa,CT,284307.0,290971.0,301125.0,312989.0,321014.0,326597.0,326911.0,322724.0,317455.0,313652.0,310161.0,304962.0,300077.0,301472.0,308414.0,318882.0,324432.0,324469.0,319200.0,314001.0,308732.0,305243.0,303149.0,301439.0,299695.0,299695.0,304894.0,310128.0,322340.0,332494.0,346451.0,349452.0,348056.0,341078.0,335948.0,327225.0,320603.0,317979.0,324967.0,339933.0,351600.0,356567.0,351567.0,344900.0,338267.0,336600.0,336600.0,336567.0,338233.0,341267.0,354600.0,361267.0,368042.0,369742.0,371109.0
394357,63,"Bakersfield, CA",Msa,CA,258600.0,261633.0,267267.0,273800.0,277433.0,278767.0,278900.0,275598.0,270632.0,265982.0,262617.0,260617.0,257933.0,257133.0,259133.0,266500.0,272633.0,275967.0,276633.0,276167.0,274167.0,269483.0,266283.0,264917.0,266100.0,267800.0,272500.0,274667.0,276333.0,276633.0,281300.0,289300.0,297333.0,305000.0,308500.0,305667.0,297667.0,291166.0,292633.0,301631.0,313295.0,319995.0,323497.0,321800.0,321800.0,323267.0,333267.0,343267.0,346633.0,346633.0,351633.0,364966.0,381633.0,392966.0,396133.0
394753,64,"Knoxville, TN",Msa,TN,250291.0,249375.0,252852.0,262335.0,271787.0,277160.0,275580.0,269289.0,262975.0,258234.0,255073.0,254401.0,252820.0,253927.0,257088.0,264990.0,274916.0,281238.0,286011.0,286011.0,285727.0,280954.0,274631.0,268594.0,265433.0,268594.0,274944.0,281298.0,289232.0,300268.0,314492.0,323975.0,322395.0,318339.0,309250.0,304800.0,299463.0,299463.0,306263.0,328233.0,347337.0,357337.0,347370.0,341630.0,339993.0,338293.0,334930.0,331567.0,338233.0,351567.0,364900.0,378233.0,393267.0,401633.0,410000.0
394653,65,"Greenville, SC",Msa,SC,253159.0,255081.0,259476.0,265430.0,268970.0,271744.0,272025.0,271744.0,266980.0,262304.0,257909.0,255536.0,254122.0,255182.0,260169.0,267848.0,274456.0,275672.0,272243.0,266134.0,262736.0,261458.0,261411.0,260164.0,258637.0,261520.0,265962.0,269079.0,272165.0,278321.0,283438.0,285308.0,283644.0,284692.0,282986.0,280000.0,276633.0,277297.0,283963.0,296963.0,307967.0,317967.0,322667.0,327666.0,330633.0,328933.0,324767.0,320307.0,322337.0,331667.0,341460.0,350430.0,356433.0,361467.0,366167.0
394952,66,"Ventura, CA",Msa,CA,779332.0,780665.0,777665.0,785667.0,779333.0,772667.0,756333.0,748000.0,728330.0,711630.0,696630.0,689967.0,688333.0,691333.0,701333.0,712667.0,726000.0,739300.0,750967.0,763630.0,776663.0,785330.0,784667.0,784667.0,787259.0,801926.0,815592.0,811300.0,804633.0,810967.0,836000.0,861333.0,870000.0,873000.0,864333.0,862583.0,865917.0,902583.0,929000.0,949333.0,951333.0,935000.0,928333.0,898317.0,894983.0,894650.0,902667.0,906000.0,908000.0,914667.0,934667.0,938000.0,946667.0,940000.0,928300.0
394318,67,"Allentown, PA",Msa,PA,245506.0,243694.0,246929.0,255434.0,262793.0,265474.0,266214.0,264402.0,260667.0,256932.0,253234.0,251385.0,248464.0,250276.0,255823.0,264328.0,271724.0,275459.0,279120.0,279120.0,278195.0,274497.0,271909.0,269098.0,267286.0,269912.0,280858.0,290066.0,297424.0,299458.0,308370.0,315762.0,320532.0,320911.0,319850.0,320959.0,322010.0,329202.0,336630.0,343660.0,346663.0,341663.0,336065.0,329732.0,334732.0,338000.0,341000.0,340167.0,343800.0,345800.0,353300.0,353333.0,361633.0,363267.0,366567.0
394561,68,"El Paso, TX",Msa,TX,183722.0,183922.0,184122.0,184830.0,185357.0,187172.0,189333.0,191694.0,192239.0,192456.0,192656.0,194109.0,197014.0,200083.0,202788.0,204768.0,206783.0,208417.0,208417.0,207655.0,206947.0,206965.0,208435.0,208417.0,208417.0,206965.0,206982.0,206601.0,207527.0,209343.0,212993.0,215681.0,217478.0,218164.0,223778.0,227690.0,231719.0,230641.0,232448.0,235465.0,241500.0,247817.0,251800.0,251950.0,251617.0,252950.0,255967.0,259633.0,263633.0,267283.0,272283.0,275050.0,278067.0,277417.0,278650.0
394367,69,"Baton Rouge, LA",Msa,LA,230967.0,231667.0,234667.0,239667.0,244633.0,248300.0,248617.0,246950.0,245117.0,243133.0,241633.0,240100.0,240100.0,241600.0,243967.0,248633.0,253333.0,256000.0,254667.0,251167.0,247800.0,245967.0,244100.0,242467.0,240933.0,241600.0,244900.0,247933.0,250300.0,253633.0,258600.0,264250.0,268583.0,272250.0,272567.0,271600.0,269800.0,271467.0,276463.0,284985.0,294352.0,299355.0,300833.0,298830.0,298493.0,298627.0,304630.0,311633.0,321667.0,329667.0,336000.0,334333.0,326316.0,316649.0,311649.0
394521,70,"Dayton, OH",Msa,OH,138929.0,136762.0,140770.0,146150.0,151543.0,156561.0,162013.0,164202.0,162396.0,158750.0,156078.0,154273.0,153948.0,154815.0,160230.0,165971.0,174636.0,181857.0,190883.0,194854.0,193049.0,186586.0,181929.0,179077.0,177632.0,180485.0,192399.0,204999.0,216589.0,221968.0,222690.0,219983.0,216372.0,217200.0,216806.0,214633.0,214115.0,220815.0,227448.0,234633.0,239600.0,244933.0,245233.0,240263.0,234630.0,227663.0,222667.0,221330.0,224963.0,236293.0,247297.0,242330.0,231000.0,220000.0,223533.0
394843,71,"McAllen, TX",Msa,TX,192167.0,190467.0,190433.0,191567.0,192600.0,194300.0,194333.0,195167.0,196167.0,195167.0,193333.0,190633.0,189967.0,192800.0,196000.0,201000.0,204500.0,207967.0,207967.0,204967.0,201633.0,199967.0,199967.0,199967.0,199800.0,199467.0,199333.0,199167.0,202500.0,207933.0,214933.0,218600.0,223000.0,226997.0,230330.0,228997.0,225997.0,225997.0,230997.0,238333.0,244667.0,248667.0,251967.0,255300.0,256300.0,258000.0,258267.0,258900.0,258567.0,258600.0,259600.0,261567.0,264933.0,268300.0,269667.0
394486,72,"Columbia, SC",Msa,SC,192125.0,192221.0,196702.0,204648.0,212562.0,219236.0,220825.0,219903.0,218282.0,216725.0,219268.0,220889.0,224989.0,225942.0,227920.0,231448.0,234944.0,237416.0,234523.0,230074.0,225592.0,222414.0,219741.0,217548.0,217579.0,220889.0,225179.0,229726.0,233699.0,236369.0,239446.0,241766.0,241798.0,241040.0,240746.0,242524.0,244048.0,246025.0,250120.0,255379.0,260912.0,265050.0,269653.0,272619.0,277119.0,280750.0,285750.0,289583.0,293067.0,298400.0,304400.0,310497.0,312663.0,316830.0,318933.0
394648,73,"Greensboro, NC",Msa,NC,194600.0,197500.0,205666.0,217967.0,229300.0,234600.0,239800.0,246431.0,252064.0,253564.0,249933.0,246000.0,245967.0,249933.0,259900.0,269600.0,279600.0,281267.0,279233.0,271233.0,268767.0,265467.0,263467.0,260933.0,258933.0,258933.0,260633.0,261467.0,267500.0,275830.0,285997.0,291663.0,288300.0,281100.0,270430.0,265463.0,266297.0,269267.0,274930.0,280263.0,286097.0,292067.0,298067.0,301900.0,301930.0,301930.0,305930.0,312733.0,321900.0,330567.0,340430.0,346763.0,357460.0,367463.0,368463.0
394304,74,"Akron, OH",Msa,OH,145900.0,144233.0,144933.0,151559.0,159892.0,168192.0,173233.0,172933.0,169600.0,164600.0,159900.0,154900.0,151567.0,151600.0,155800.0,160833.0,167500.0,173300.0,177967.0,177933.0,174133.0,169433.0,163800.0,157600.0,152600.0,152567.0,157567.0,164233.0,171567.0,178267.0,183967.0,187000.0,183667.0,181300.0,174933.0,171381.0,165997.0,167664.0,176217.0,188550.0,199491.0,205825.0,205541.0,202933.0,196600.0,191633.0,186633.0,179933.0,171600.0,169933.0,179933.0,193233.0,196600.0,198600.0,200300.0
753906,75,"North Port-Sarasota-Bradenton, FL",Msa,FL,359267.0,359933.0,361600.0,361600.0,364316.0,365982.0,369349.0,368300.0,364466.0,360600.0,357233.0,356067.0,356267.0,357963.0,362663.0,367997.0,374333.0,378000.0,379333.0,377540.0,373873.0,372540.0,374333.0,377167.0,377167.0,375833.0,375000.0,371663.0,368330.0,368330.0,374885.0,380552.0,382885.0,381300.0,380600.0,382933.0,384633.0,390713.0,401043.0,417543.0,433493.0,445493.0,455990.0,464657.0,473293.0,484597.0,502233.0,517933.0,529633.0,544300.0,571300.0,602967.0,626633.0,631633.0,621300.0
394798,76,"Little Rock, AR",Msa,AR,169490.0,171958.0,173624.0,176061.0,178251.0,179794.0,179516.0,177943.0,176400.0,176554.0,176585.0,176585.0,175783.0,176400.0,179207.0,183249.0,190344.0,195280.0,198982.0,198982.0,197409.0,195866.0,193553.0,192658.0,191887.0,192658.0,196360.0,200216.0,204844.0,206664.0,207898.0,206355.0,206386.0,207126.0,210381.0,212065.0,213887.0,214429.0,221633.0,227300.0,232267.0,232300.0,233967.0,234000.0,232259.0,229926.0,228259.0,225000.0,223300.0,223300.0,228300.0,233333.0,243333.0,251633.0,257967.0
395134,77,"Stockton, CA",Msa,CA,381317.0,383283.0,381633.0,383300.0,384000.0,390667.0,392333.0,391667.0,388333.0,384833.0,382833.0,381167.0,377967.0,376633.0,379633.0,393000.0,409333.0,422667.0,431000.0,436333.0,438259.0,436426.0,436392.0,437800.0,436870.0,435237.0,435537.0,436830.0,438480.0,445163.0,456600.0,469950.0,476300.0,482627.0,484294.0,490961.0,491333.0,497667.0,497926.0,509592.0,521589.0,544996.0,561663.0,573333.0,573000.0,567967.0,567967.0,575967.0,589000.0,598112.0,616779.0,633779.0,649333.0,649333.0,639333.0
394457,78,"Charleston, SC",Msa,SC,359120.0,361968.0,366535.0,372675.0,377317.0,379712.0,379593.0,375100.0,368211.0,362221.0,358627.0,355634.0,354286.0,357850.0,366834.0,375819.0,380341.0,381839.0,379443.0,373453.0,365936.0,360815.0,359018.0,358449.0,358180.0,359977.0,366535.0,370126.0,377314.0,382435.0,391123.0,396513.0,400107.0,403335.0,405280.0,408808.0,412472.0,420416.0,431088.0,444091.0,461085.0,475156.0,476820.0,463731.0,443857.0,435526.0,431196.0,431858.0,438522.0,456688.0,479830.0,498167.0,511600.0,516567.0,513233.0
395143,79,"Syracuse, NY",Msa,NY,119105.0,120172.0,123294.0,128471.0,131307.0,132608.0,133675.0,134741.0,134767.0,133701.0,132634.0,132322.0,132322.0,133623.0,136510.0,141714.0,146917.0,151743.0,153044.0,151509.0,149051.0,146449.0,145382.0,144342.0,144862.0,147464.0,151340.0,157870.0,164140.0,170645.0,174027.0,174287.0,174287.0,175055.0,175533.0,174735.0,173763.0,176880.0,180832.0,188832.0,197667.0,207300.0,207600.0,197900.0,186567.0,179900.0,176567.0,173233.0,166600.0,169933.0,174967.0,184933.0,191633.0,203267.0,216300.0
394484,80,"Colorado Springs, CO",Msa,CO,479456.0,477642.0,473107.0,469479.0,467629.0,454894.0,438930.0,421914.0,412880.0,409252.0,408164.0,408527.0,415212.0,424246.0,438396.0,446223.0,455293.0,460735.0,471583.0,473434.0,473397.0,467955.0,469733.0,468681.0,466903.0,463818.0,469587.0,478295.0,486858.0,489434.0,493425.0,493425.0,489035.0,478404.0,471402.0,468536.0,468272.0,482739.0,500050.0,519591.0,540494.0,565741.0,582532.0,579385.0,564152.0,558453.0,556967.0,563967.0,572333.0,583663.0,593330.0,599997.0,608330.0,607997.0,592997.0
395235,81,"Winston-Salem, NC",Msa,NC,209900.0,211600.0,213300.0,216633.0,218300.0,222272.0,231972.0,242622.0,250283.0,250250.0,246565.0,244598.0,244632.0,249333.0,256333.0,265000.0,275123.0,281757.0,285057.0,283267.0,283267.0,283267.0,282233.0,278900.0,275597.0,279930.0,284963.0,287632.0,290966.0,296966.0,305933.0,307393.0,304393.0,297660.0,290265.0,283398.0,280132.0,279400.0,280912.0,282065.0,283762.0,286383.0,290330.0,293300.0,296363.0,299930.0,303430.0,304767.0,304882.0,305382.0,313015.0,324400.0,334100.0,336000.0,330833.0
395224,82,"Wichita, KS",Msa,KS,176600.0,182600.0,190933.0,200933.0,206567.0,208233.0,206233.0,202900.0,200600.0,198183.0,193883.0,190383.0,189833.0,194133.0,202133.0,210467.0,218833.0,223633.0,223300.0,219967.0,216333.0,215000.0,213167.0,208133.0,202917.0,201417.0,209617.0,219767.0,234433.0,248233.0,260633.0,264110.0,252143.0,240458.0,230648.0,228981.0,228300.0,234933.0,243267.0,247933.0,242933.0,232933.0,224967.0,220000.0,218333.0,221667.0,228300.0,238300.0,246600.0,256300.0,264300.0,269000.0,269000.0,269333.0,268000.0
395115,83,"Springfield, MA",Msa,MA,240755.0,240782.0,245478.0,254930.0,263951.0,268584.0,268584.0,264200.0,257701.0,251483.0,246849.0,241531.0,237520.0,235965.0,241564.0,251825.0,265506.0,274834.0,278223.0,277912.0,276077.0,273932.0,266936.0,261774.0,258665.0,262863.0,272688.0,285405.0,298123.0,308663.0,317991.0,324210.0,323277.0,321115.0,317286.0,311267.0,304133.0,304167.0,317667.0,338133.0,349800.0,351633.0,344966.0,338267.0,331267.0,320967.0,311000.0,305633.0,310967.0,310967.0,314967.0,319933.0,336567.0,346600.0,348300.0
394440,84,"Fort Myers, FL",Msa,FL,248067.0,248094.0,248094.0,249335.0,249332.0,249305.0,248037.0,247902.0,247654.0,247654.0,247516.0,246413.0,245752.0,245752.0,246854.0,247268.0,247268.0,247268.0,247130.0,246027.0,244897.0,245151.0,246502.0,250388.0,253305.0,258818.0,263201.0,264552.0,264579.0,265709.0,269596.0,271589.0,270487.0,270487.0,270974.0,270974.0,270115.0,272723.0,,,,,389937.0,396333.0,406000.0,421333.0,438000.0,448300.0,449967.0,464133.0,487500.0,512466.0,516633.0,509933.0,498267.0
394399,85,"Boise City, ID",Msa,ID,326300.0,342967.0,348300.0,354633.0,356500.0,361500.0,360133.0,354963.0,351597.0,348297.0,344963.0,341630.0,340885.0,344888.0,354555.0,368600.0,381263.0,388263.0,388297.0,384933.0,380600.0,374930.0,371297.0,368963.0,372633.0,379480.0,388513.0,393847.0,397330.0,403297.0,413293.0,421597.0,426627.0,431597.0,443397.0,453033.0,461033.0,469237.0,482937.0,504937.0,528092.0,550725.0,560089.0,558355.0,550387.0,547690.0,547965.0,556600.0,576633.0,610633.0,645633.0,668967.0,668297.0,643330.0,613297.0
395160,86,"Toledo, OH",Msa,OH,126933.0,125600.0,129967.0,136633.0,144633.0,148267.0,149900.0,147900.0,145900.0,143767.0,142433.0,141100.0,139900.0,141567.0,149900.0,162433.0,175800.0,183167.0,183967.0,180100.0,172767.0,167433.0,162933.0,161233.0,159859.0,159859.0,161526.0,166600.0,178639.0,190306.0,200273.0,208233.0,208250.0,206583.0,194917.0,188233.0,183233.0,188267.0,194933.0,198300.0,198133.0,196467.0,194800.0,188267.0,179633.0,171300.0,164633.0,158267.0,151600.0,146633.0,150000.0,160000.0,170000.0,173333.0,170833.0
394816,87,"Madison, WI",Msa,WI,293233.0,300233.0,309600.0,316267.0,318967.0,319600.0,319600.0,316567.0,311600.0,304967.0,301633.0,301633.0,306600.0,316600.0,328233.0,334900.0,338233.0,337933.0,336300.0,332967.0,328300.0,326600.0,324933.0,324900.0,326567.0,333233.0,341567.0,348233.0,351600.0,354633.0,354633.0,351267.0,343267.0,341633.0,343300.0,351600.0,359700.0,366967.0,370300.0,371500.0,374233.0,377567.0,379267.0,377600.0,374400.0,373400.0,375300.0,381867.0,392233.0,402000.0,410300.0,413267.0,413300.0,411667.0,409700.0
394766,88,"Lakeland, FL",Msa,FL,228979.0,229665.0,231437.0,234871.0,236588.0,236931.0,237165.0,237130.0,235929.0,233944.0,231918.0,231368.0,231368.0,231712.0,231746.0,233326.0,236725.0,239764.0,241275.0,240516.0,239503.0,238164.0,237206.0,236893.0,237233.0,238985.0,241388.0,242422.0,242345.0,242228.0,244289.0,247078.0,249945.0,251895.0,253491.0,255715.0,257987.0,260648.0,265470.0,275136.0,,299133.0,306167.0,310033.0,313667.0,318667.0,323300.0,327333.0,330667.0,336598.0,343135.0,354769.0,367137.0,377930.0,381162.0
394931,89,"Ogden, UT",Msa,UT,340598.0,349252.0,363119.0,376326.0,383131.0,386259.0,386919.0,383625.0,378759.0,372851.0,371113.0,371148.0,377091.0,385432.0,395511.0,404200.0,407675.0,404547.0,398986.0,394121.0,388039.0,377925.0,370765.0,369893.0,378964.0,389794.0,398486.0,399841.0,404512.0,414939.0,430579.0,437842.0,441283.0,442443.0,448174.0,453917.0,460073.0,468073.0,478957.0,493617.0,508950.0,522983.0,529500.0,531133.0,530130.0,528963.0,528101.0,533938.0,546104.0,568633.0,582433.0,595267.0,600300.0,601667.0,586333.0
394528,90,"Daytona Beach, FL",Msa,FL,269600.0,270267.0,271933.0,275267.0,280133.0,284833.0,287833.0,287300.0,284267.0,280767.0,277300.0,275333.0,274333.0,274500.0,276500.0,280800.0,285633.0,288600.0,287680.0,284480.0,280680.0,277970.0,277003.0,277503.0,278333.0,281000.0,284250.0,284550.0,283550.0,282300.0,285500.0,287833.0,289500.0,290830.0,292830.0,294493.0,296329.0,300296.0,305267.0,313933.0,321298.0,329665.0,334632.0,338300.0,342967.0,347997.0,352997.0,353330.0,354333.0,361330.0,373964.0,387930.0,398933.0,408463.0,411797.0
394531,91,"Des Moines, IA",Msa,IA,273146.0,277543.0,283685.0,288502.0,290571.0,290862.0,290862.0,288599.0,285366.0,282133.0,280460.0,278844.0,277260.0,277672.0,280291.0,283523.0,284978.0,285041.0,282746.0,278349.0,272467.0,265064.0,259002.0,254153.0,254250.0,258372.0,263544.0,267424.0,270025.0,273669.0,276158.0,275497.0,272790.0,270820.0,270298.0,270693.0,272193.0,275560.0,281240.0,289240.0,299237.0,307997.0,315663.0,317633.0,317600.0,315267.0,316630.0,319993.0,326657.0,336627.0,346613.0,354950.0,354980.0,356660.0,354960.0
395006,100,"Provo, UT",Msa,UT,382034.0,389851.0,400461.0,405561.0,401590.0,394711.0,391145.0,389982.0,388270.0,384991.0,379856.0,376468.0,376160.0,380103.0,387972.0,393176.0,395616.0,394593.0,396542.0,398712.0,400047.0,397679.0,395139.0,394489.0,396806.0,402772.0,412321.0,416412.0,421546.0,426681.0,442231.0,457256.0,470125.0,474528.0,481406.0,486882.0,496103.0,498820.0,498330.0,504997.0,518333.0,536667.0,546633.0,550800.0,550710.0,549243.0,550073.0,561797.0,584930.0,619600.0,652633.0,680667.0,680967.0,669600.0,642933.0
394549,104,"Durham, NC",Msa,NC,377505.0,382235.0,391752.0,401269.0,405284.0,402397.0,397606.0,388865.0,383790.0,380617.0,380300.0,379697.0,379412.0,385122.0,395258.0,405092.0,410748.0,410130.0,406957.0,399077.0,390195.0,380678.0,375903.0,375871.0,382375.0,393497.0,407804.0,413673.0,415545.0,417131.0,426549.0,436732.0,441490.0,438735.0,432073.0,424110.0,421321.0,421851.0,430583.0,449658.0,466219.0,479602.0,476224.0,475663.0,472330.0,475000.0,475000.0,471741.0,470074.0,476741.0,496667.0,515000.0,521667.0,513333.0,501633.0
394602,159,"Fort Collins, CO",Msa,CO,433031.0,435868.0,437821.0,440607.0,444988.0,448913.0,446160.0,442140.0,435611.0,432356.0,428739.0,426460.0,424832.0,426105.0,428696.0,430975.0,434553.0,436812.0,436129.0,431245.0,426395.0,424800.0,425496.0,425569.0,429508.0,435671.0,446341.0,452135.0,456052.0,459512.0,464233.0,466511.0,462074.0,456410.0,453806.0,455401.0,458300.0,456272.0,451633.0,451675.0,461288.0,476063.0,489355.0,499409.0,519633.0,536333.0,553000.0,563323.0,564957.0,558590.0,548267.0,548300.0,561633.0,578300.0,604200.0
